Year,App.,Taxon,Class,Order,Family,Genus,Importer,Exporter,Origin,Importer reported quantity,Exporter reported quantity,Term,Unit,Purpose,Source
2012,I,Aquila heliaca,Aves,Falconiformes,Accipitridae,Aquila,CZ,KZ,,1,,live,,Z,C
2012,I,Aquila heliaca,Aves,Falconiformes,Accipitridae,Aquila,LV,AZ,,,2,live,,Z,W
2012,I,Haliaeetus albicilla,Aves,Falconiformes,Accipitridae,Haliaeetus,LV,UA,,,1,live,,Z,C
2012,I,Harpia harpyja,Aves,Falconiformes,Accipitridae,Harpia,US,MX,PT,2,4,live,,Z,C
2012,I,Ailurus fulgens,Mammalia,Carnivora,Ailuridae,Ailurus,AU,IN,,,1,live,,Z,C
2012,I,Ailurus fulgens,Mammalia,Carnivora,Ailuridae,Ailurus,DE,NO,,,1,live,,Z,C
2012,I,Ailurus fulgens,Mammalia,Carnivora,Ailuridae,Ailurus,HU,HR,,1,1,live,,Z,C
2012,I,Ailurus fulgens,Mammalia,Carnivora,Ailuridae,Ailurus,NL,HR,,,1,live,,Z,C
2012,I,Ailurus fulgens,Mammalia,Carnivora,Ailuridae,Ailurus,NZ,AU,,2,,live,,Z,C
2012,I,Ailurus fulgens,Mammalia,Carnivora,Ailuridae,Ailurus,SG,ZA,XX,,2,live,,Z,W
2012,I,Ailurus fulgens,Mammalia,Carnivora,Ailuridae,Ailurus,SG,ZA,,2,,live,,Z,C
2012,I,Ailurus fulgens,Mammalia,Carnivora,Ailuridae,Ailurus,SG,ZA,,,2,live,,Z,F
2012,I,Ailurus fulgens,Mammalia,Carnivora,Ailuridae,Ailurus,US,CA,US,,1,live,,Z,C
2012,I,Ailurus fulgens,Mammalia,Carnivora,Ailuridae,Ailurus,US,CA,,2,2,live,,Z,C
2012,I,Alligator sinensis,Reptilia,Crocodylia,Alligatoridae,Alligator,SG,CN,,3,3,live,,Z,C
2012,I,Asarcornis scutulata,Aves,Anseriformes,Anatidae,Asarcornis,ZA,NL,DE,,4,live,,Z,C
2012,I,Asarcornis scutulata,Aves,Anseriformes,Anatidae,Asarcornis,ZA,NL,PT,,4,live,,Z,C
2012,I,Asarcornis scutulata,Aves,Anseriformes,Anatidae,Asarcornis,ZA,NL,,8,,live,,Z,C
2012,I,Acrantophis dumerili,Reptilia,Serpentes,Boidae,Acrantophis,TR,NL,,2,,live,,Z,F
2012,I,Acrantophis dumerili,Reptilia,Serpentes,Boidae,Acrantophis,TR,NL,,2,,live,,Z,U
2012,I,Acrantophis madagascariensis,Reptilia,Serpentes,Boidae,Acrantophis,UA,RU,,2,2,live,,Z,C
2012,I,Addax nasomaculatus,Mammalia,Artiodactyla,Bovidae,Addax,ID,CZ,,,1,live,,Z,C
2012,I,Addax nasomaculatus,Mammalia,Artiodactyla,Bovidae,Addax,MX,US,,3,,live,,Z,F
2012,I,Capra falconeri,Mammalia,Artiodactyla,Bovidae,Capra,BY,EE,,5,,live,,Z,C
2012,I,Capra falconeri,Mammalia,Artiodactyla,Bovidae,Capra,EE,UA,,1,1,live,,Z,C
2012,I,Capra falconeri,Mammalia,Artiodactyla,Bovidae,Capra,MD,EE,,7,7,live,,Z,C
2012,I,Capra falconeri,Mammalia,Artiodactyla,Bovidae,Capra,UA,EE,,1,,live,,Z,C
2012,I,Capra falconeri,Mammalia,Artiodactyla,Bovidae,Capra,UZ,RU,UZ,2,,live,,Z,C
2012,I,Capra falconeri,Mammalia,Artiodactyla,Bovidae,Capra,UZ,RU,,,2,live,,Z,C
2012,I,Oryx dammah,Mammalia,Artiodactyla,Bovidae,Oryx,ID,PL,,,7,live,,Z,C
2012,I,Oryx dammah,Mammalia,Artiodactyla,Bovidae,Oryx,NO,DK,,,4,live,,Z,C
2012,I,Oryx leucoryx,Mammalia,Artiodactyla,Bovidae,Oryx,AT,CH,,,2,live,,Z,C
2012,I,Oryx leucoryx,Mammalia,Artiodactyla,Bovidae,Oryx,CH,BE,,1,1,live,,Z,C
2012,I,Buceros bicornis,Aves,Coraciiformes,Bucerotidae,Buceros,NL,TR,XX,1,,live,,Z,I
2012,I,Buceros bicornis,Aves,Coraciiformes,Bucerotidae,Buceros,NL,TR,XX,,1,live,,Z,U
2012,I,Atelopus zeteki,Amphibia,Anura,Bufonidae,Atelopus,CA,US,,,50,live,,Z,F
2012,I,Nectophrynoides asperginis,Amphibia,Anura,Bufonidae,Nectophrynoides,TZ,US,,,3000,live,,Z,F
2012,I,Cacatua moluccensis,Aves,Psittaciformes,Cacatuidae,Cacatua,FR,SG,,1,1,live,,Z,C
2012,I,Cacatua sulphurea,Aves,Psittaciformes,Cacatuidae,Cacatua,RU,FR,,,2,live,,Z,F
2012,I,Cacatua sulphurea,Aves,Psittaciformes,Cacatuidae,Cacatua,RU,PH,,2,,live,,Z,F
2012,I,Cacatua sulphurea,Aves,Psittaciformes,Cacatuidae,Cacatua,SG,FR,,2,,live,,Z,C
2012,I,Cacatua sulphurea,Aves,Psittaciformes,Cacatuidae,Cacatua,SG,FR,,,2,live,,Z,F
2012,I,Probosciger aterrimus,Aves,Psittaciformes,Cacatuidae,Probosciger,IL,SG,,,2,live,,Z,C
2012,I,Vicugna vicugna,Mammalia,Artiodactyla,Camelidae,Vicugna,AE,DE,,,1,live,,Z,C
2012,I,Vicugna vicugna,Mammalia,Artiodactyla,Camelidae,Vicugna,CH,GB,,,1,live,,Z,C
2012,I,Vicugna vicugna,Mammalia,Artiodactyla,Camelidae,Vicugna,RU,DE,,1,,live,,Z,C
2012,I,Vicugna vicugna,Mammalia,Artiodactyla,Camelidae,Vicugna,UA,RU,,1,1,live,,Z,C
2012,I,Vultur gryphus,Aves,Falconiformes,Cathartidae,Vultur,FR,CL,,1,1,live,,Z,C
2012,I,Vultur gryphus,Aves,Falconiformes,Cathartidae,Vultur,MX,PE,,2,,live,,Z,F
2012,I,Vultur gryphus,Aves,Falconiformes,Cathartidae,Vultur,RS,KZ,,1,,live,,Z,C
2012,I,Callimico goeldii,Mammalia,Primates,Cebidae,Callimico,RU,FR,,1,1,live,,Z,C
2012,I,Callimico goeldii,Mammalia,Primates,Cebidae,Callimico,TR,FR,NL,1,,live,,Z,C
2012,I,Callimico goeldii,Mammalia,Primates,Cebidae,Callimico,TR,FR,,1,1,live,,Z,C
2012,I,Callimico goeldii,Mammalia,Primates,Cebidae,Callimico,TR,NL,,,1,live,,Z,C
2012,I,Leontopithecus chrysomelas,Mammalia,Primates,Cebidae,Leontopithecus,CN,BG,,10,,live,,Z,C
2012,I,Leontopithecus chrysomelas,Mammalia,Primates,Cebidae,Leontopithecus,DE,IL,,,4,live,,Z,C
2012,I,Leontopithecus chrysomelas,Mammalia,Primates,Cebidae,Leontopithecus,IL,DE,,4,2,live,,Z,C
2012,I,Leontopithecus rosalia,Mammalia,Primates,Cebidae,Leontopithecus,AU,US,,,5,live,,Z,C
2012,I,Leontopithecus rosalia,Mammalia,Primates,Cebidae,Leontopithecus,CH,NL,,1,1,live,,Z,C
2012,I,Leontopithecus rosalia,Mammalia,Primates,Cebidae,Leontopithecus,NZ,US,,1,,live,,Z,C
2012,I,Saguinus oedipus,Mammalia,Primates,Cebidae,Saguinus,AE,ZA,,,20,live,,Z,C
2012,I,Saguinus oedipus,Mammalia,Primates,Cebidae,Saguinus,CN,BG,DE,6,,live,,Z,C
2012,I,Saguinus oedipus,Mammalia,Primates,Cebidae,Saguinus,ID,CZ,,,3,live,,Z,C
2012,I,Saguinus oedipus,Mammalia,Primates,Cebidae,Saguinus,MD,EE,,2,2,live,,Z,C
2012,I,Saguinus oedipus,Mammalia,Primates,Cebidae,Saguinus,NO,SE,,,1,live,,Z,C
2012,I,Saguinus oedipus,Mammalia,Primates,Cebidae,Saguinus,RU,IT,,,1,live,,Z,D
2012,I,Saguinus oedipus,Mammalia,Primates,Cebidae,Saguinus,TR,NL,,2,2,live,,Z,C
2012,I,Saguinus oedipus,Mammalia,Primates,Cebidae,Saguinus,UA,EE,,5,,live,,Z,C
2012,I,Saguinus oedipus,Mammalia,Primates,Cebidae,Saguinus,UA,PL,,6,2,live,,Z,C
2012,I,Macaca silenus,Mammalia,Primates,Cercopithecidae,Macaca,PH,BG,CA,,4,live,,Z,C
2012,I,Mandrillus leucophaeus,Mammalia,Primates,Cercopithecidae,Mandrillus,ZA,DE,,4,,live,,Z,F
2012,I,Mandrillus sphinx,Mammalia,Primates,Cercopithecidae,Mandrillus,CN,DE,,,2,live,,Z,C
2012,I,Mandrillus sphinx,Mammalia,Primates,Cercopithecidae,Mandrillus,ID,CZ,,,2,live,,Z,C
2012,I,Mandrillus sphinx,Mammalia,Primates,Cercopithecidae,Mandrillus,KR,CZ,DE,1,1,live,,Z,C
2012,I,Mandrillus sphinx,Mammalia,Primates,Cercopithecidae,Mandrillus,KR,CZ,GB,2,2,live,,Z,C
2012,I,Mandrillus sphinx,Mammalia,Primates,Cercopithecidae,Mandrillus,MA,FR,,3,3,live,,Z,C
2012,I,Mandrillus sphinx,Mammalia,Primates,Cercopithecidae,Mandrillus,MA,FR,,1,1,live,,Z,F
2012,I,Mandrillus sphinx,Mammalia,Primates,Cercopithecidae,Mandrillus,US,CA,,4,4,live,,Z,F
2012,I,Nasalis larvatus,Mammalia,Primates,Cercopithecidae,Nasalis,KR,BN,,1,,specimens,ml,Z,W
2012,I,Pygathrix nemaeus,Mammalia,Primates,Cercopithecidae,Pygathrix,JP,SG,,1,1,live,,Z,C
2012,I,Semnopithecus entellus,Mammalia,Primates,Cercopithecidae,Semnopithecus,TR,DE,,3,3,live,,Z,C
2012,I,Pudu puda,Mammalia,Artiodactyla,Cervidae,Pudu,AR,CL,,4,,live,,Z,C
2012,I,Rucervus eldii,Mammalia,Artiodactyla,Cervidae,Rucervus,CH,NL,,1,1,live,,Z,C
2012,I,Microcebus murinus,Mammalia,Primates,Cheirogaleidae,Microcebus,CN,FR,,10,,live,,Z,C
2012,I,Microcebus murinus,Mammalia,Primates,Cheirogaleidae,Microcebus,CN,SK,,7,,live,,Z,C
2012,I,Microcebus murinus,Mammalia,Primates,Cheirogaleidae,Microcebus,CN,ZA,,6,6,live,,Z,C
2012,I,Microcebus murinus,Mammalia,Primates,Cheirogaleidae,Microcebus,FR,FR,,,10,live,,Z,C
2012,I,Caretta caretta,Reptilia,Testudines,Cheloniidae,Caretta,TR,IL,,,1,live,,Z,W
2012,I,Chelonia mydas,Reptilia,Testudines,Cheloniidae,Chelonia,US,CA,KY,2,2,live,,Z,F
2012,I,Caloenas nicobarica,Aves,Columbiformes,Columbidae,Caloenas,FR,IL,,,5,live,,Z,C
2012,I,Caloenas nicobarica,Aves,Columbiformes,Columbidae,Caloenas,IL,FR,FR,,3,live,,Z,C
2012,I,Caloenas nicobarica,Aves,Columbiformes,Columbidae,Caloenas,IL,FR,,5,2,live,,Z,C
2012,I,Oreophasis derbianus,Aves,Galliformes,Cracidae,Oreophasis,US,MX,,4,,live,,Z,F
2012,I,Crocodylus mindorensis,Reptilia,Crocodylia,Crocodylidae,Crocodylus,NO,DK,PH,1,1,live,,Z,F
2012,I,Crocodylus niloticus,Reptilia,Crocodylia,Crocodylidae,Crocodylus,DE,CH,XX,,1,live,,Z,O
2012,I,Crocodylus niloticus,Reptilia,Crocodylia,Crocodylidae,Crocodylus,MX,US,,2,,live,,Z,F
2012,I,Crocodylus porosus,Reptilia,Crocodylia,Crocodylidae,Crocodylus,SG,MY,,10,,live,,Z,D
2012,I,Crocodylus siamensis,Reptilia,Crocodylia,Crocodylidae,Crocodylus,KR,TH,,18,,live,,Z,D
2012,I,Osteolaemus tetraspis,Reptilia,Crocodylia,Crocodylidae,Osteolaemus,AE,ES,,6,,live,,Z,C
2012,I,Osteolaemus tetraspis,Reptilia,Crocodylia,Crocodylidae,Osteolaemus,CH,FR,XX,1,1,live,,Z,O
2012,I,Osteolaemus tetraspis,Reptilia,Crocodylia,Crocodylidae,Osteolaemus,MY,GB,,2,,live,,Z,C
2012,I,Osteolaemus tetraspis,Reptilia,Crocodylia,Crocodylidae,Osteolaemus,SG,TH,DK,2,,live,,Z,C
2012,I,Andrias davidianus,Amphibia,Caudata,Cryptobranchidae,Andrias,SG,CN,,4,4,live,,Z,C
2012,I,Elephas maximus,Mammalia,Proboscidea,Elephantidae,Elephas,CA,US,,1,,live,,Z,C
2012,I,Elephas maximus,Mammalia,Proboscidea,Elephantidae,Elephas,CA,US,,1,,live,,Z,O
2012,I,Elephas maximus,Mammalia,Proboscidea,Elephantidae,Elephas,CA,US,,2500,,specimens,ml,Z,C
2012,I,Elephas maximus,Mammalia,Proboscidea,Elephantidae,Elephas,CN,MM,,2,4,live,,Z,C
2012,I,Elephas maximus,Mammalia,Proboscidea,Elephantidae,Elephas,CZ,LK,,,2,live,,Z,C
2012,I,Elephas maximus,Mammalia,Proboscidea,Elephantidae,Elephas,CZ,LK,,2,,live,,Z,F
2012,I,Elephas maximus,Mammalia,Proboscidea,Elephantidae,Elephas,JP,LK,,,2,live,,Z,C
2012,I,Elephas maximus,Mammalia,Proboscidea,Elephantidae,Elephas,JP,LK,,4,,live,,Z,F
2012,I,Elephas maximus,Mammalia,Proboscidea,Elephantidae,Elephas,KR,LK,,2,,live,,Z,C
2012,I,Elephas maximus,Mammalia,Proboscidea,Elephantidae,Elephas,KR,TH,,3,,live,,Z,C
2012,I,Elephas maximus,Mammalia,Proboscidea,Elephantidae,Elephas,UA,RU,DE,,1,live,,Z,F
2012,I,Elephas maximus,Mammalia,Proboscidea,Elephantidae,Elephas,UA,RU,,1,,live,,Z,F
2012,I,Elephas maximus,Mammalia,Proboscidea,Elephantidae,Elephas,US,CA,US,,1,live,,Z,C
2012,I,Elephas maximus,Mammalia,Proboscidea,Elephantidae,Elephas,XX,LA,,,8,live,,Z,C
2012,I,Loxodonta africana,Mammalia,Proboscidea,Elephantidae,Loxodonta,MX,NA,,9,18,live,,Z,W
2012,I,Loxodonta africana,Mammalia,Proboscidea,Elephantidae,Loxodonta,US,CA,XX,,2,live,,Z,O
2012,I,Loxodonta africana,Mammalia,Proboscidea,Elephantidae,Loxodonta,US,CA,,,1,live,,Z,F
2012,I,Loxodonta africana,Mammalia,Proboscidea,Elephantidae,Loxodonta,ZM,ZW,,10,,live,,Z,W
2012,I,Loxodonta africana,Mammalia,Proboscidea,Elephantidae,Loxodonta,ZW,ZM,,,10,live,,Z,W
2012,I,Equus grevyi,Mammalia,Perissodactyla,Equidae,Equus,BR,DE,,1,2,live,,Z,C
2012,I,Equus grevyi,Mammalia,Perissodactyla,Equidae,Equus,TH,CU,,,2,live,,Z,C
2012,I,Equus przewalskii,Mammalia,Perissodactyla,Equidae,Equus,CH,HU,,1,1,live,,Z,C
2012,I,Equus przewalskii,Mammalia,Perissodactyla,Equidae,Equus,CZ,CH,,1,2,live,,Z,C
2012,I,Equus przewalskii,Mammalia,Perissodactyla,Equidae,Equus,CZ,RU,,1,1,live,,Z,C
2012,I,Equus przewalskii,Mammalia,Perissodactyla,Equidae,Equus,JP,CH,AT,,1,live,,Z,C
2012,I,Equus przewalskii,Mammalia,Perissodactyla,Equidae,Equus,JP,CH,CH,,2,live,,Z,C
2012,I,Equus przewalskii,Mammalia,Perissodactyla,Equidae,Equus,JP,CH,HU,,1,live,,Z,C
2012,I,Equus przewalskii,Mammalia,Perissodactyla,Equidae,Equus,KR,TW,,1,,live,,Z,C
2012,I,Equus przewalskii,Mammalia,Perissodactyla,Equidae,Equus,LK,CZ,HU,,1,live,,Z,C
2012,I,Equus przewalskii,Mammalia,Perissodactyla,Equidae,Equus,LK,CZ,,2,1,live,,Z,C
2012,I,Equus przewalskii,Mammalia,Perissodactyla,Equidae,Equus,RU,UA,,4,5,live,,Z,C
2012,I,Falco peregrinus,Aves,Falconiformes,Falconidae,Falco,MX,PE,,10,,live,,Z,C
2012,I,Acinonyx jubatus,Mammalia,Carnivora,Felidae,Acinonyx,AR,ZA,,3,,live,,Z,C
2012,I,Acinonyx jubatus,Mammalia,Carnivora,Felidae,Acinonyx,AT,ZA,,,2,live,,Z,D
2012,I,Acinonyx jubatus,Mammalia,Carnivora,Felidae,Acinonyx,AU,NZ,,,3,live,,Z,C
2012,I,Acinonyx jubatus,Mammalia,Carnivora,Felidae,Acinonyx,AU,ZA,,,2,live,,Z,D
2012,I,Acinonyx jubatus,Mammalia,Carnivora,Felidae,Acinonyx,CH,DK,DK,1,,live,,Z,C
2012,I,Acinonyx jubatus,Mammalia,Carnivora,Felidae,Acinonyx,CH,DK,,,1,live,,Z,C
2012,I,Acinonyx jubatus,Mammalia,Carnivora,Felidae,Acinonyx,CN,ZA,,10,6,live,,Z,C
2012,I,Acinonyx jubatus,Mammalia,Carnivora,Felidae,Acinonyx,CU,NA,,4,6,live,,Z,W
2012,I,Acinonyx jubatus,Mammalia,Carnivora,Felidae,Acinonyx,CZ,ZA,,,2,live,,Z,C
2012,I,Acinonyx jubatus,Mammalia,Carnivora,Felidae,Acinonyx,DK,ZA,,,3,live,,Z,F
2012,I,Acinonyx jubatus,Mammalia,Carnivora,Felidae,Acinonyx,EG,ZA,,,2,live,,Z,C
2012,I,Acinonyx jubatus,Mammalia,Carnivora,Felidae,Acinonyx,ES,ZA,,,2,live,,Z,C
2012,I,Acinonyx jubatus,Mammalia,Carnivora,Felidae,Acinonyx,GA,ZA,,,3,live,,Z,C
2012,I,Acinonyx jubatus,Mammalia,Carnivora,Felidae,Acinonyx,GB,ZA,,,2,live,,Z,C
2012,I,Acinonyx jubatus,Mammalia,Carnivora,Felidae,Acinonyx,IN,CZ,,,3,live,,Z,C
2012,I,Acinonyx jubatus,Mammalia,Carnivora,Felidae,Acinonyx,JP,ZA,,3,,live,,Z,C
2012,I,Acinonyx jubatus,Mammalia,Carnivora,Felidae,Acinonyx,JP,ZA,,,3,live,,Z,D
2012,I,Acinonyx jubatus,Mammalia,Carnivora,Felidae,Acinonyx,KR,ZA,,3,,live,,Z,F
2012,I,Acinonyx jubatus,Mammalia,Carnivora,Felidae,Acinonyx,MX,ZA,,,4,live,,Z,C
2012,I,Acinonyx jubatus,Mammalia,Carnivora,Felidae,Acinonyx,MY,ZA,,,4,live,,Z,C
2012,I,Acinonyx jubatus,Mammalia,Carnivora,Felidae,Acinonyx,NZ,ZA,,2,,live,,Z,C
2012,I,Acinonyx jubatus,Mammalia,Carnivora,Felidae,Acinonyx,TM,QA,,,2,live,,Z,C
2012,I,Acinonyx jubatus,Mammalia,Carnivora,Felidae,Acinonyx,TZ,ZA,,3,1,live,,Z,C
2012,I,Acinonyx jubatus,Mammalia,Carnivora,Felidae,Acinonyx,US,ZA,,7,8,live,,Z,D
2012,I,Acinonyx jubatus,Mammalia,Carnivora,Felidae,Acinonyx,ZM,ZW,,4,,live,,Z,W
2012,I,Caracal caracal,Mammalia,Carnivora,Felidae,Caracal,DK,AE,,1,1,live,,Z,C
2012,I,Caracal caracal,Mammalia,Carnivora,Felidae,Caracal,GB,AE,,,1,live,,Z,C
2012,I,Felis nigripes,Mammalia,Carnivora,Felidae,Felis,DK,US,,2,2,live,,Z,F
2012,I,Neofelis nebulosa,Mammalia,Carnivora,Felidae,Neofelis,GB,SG,GB,2,,live,,Z,C
2012,I,Neofelis nebulosa,Mammalia,Carnivora,Felidae,Neofelis,GB,SG,,,2,live,,Z,C
2012,I,Neofelis nebulosa,Mammalia,Carnivora,Felidae,Neofelis,RU,CZ,,1,,live,,Z,C
2012,I,Panthera leo persica,Mammalia,Carnivora,Felidae,Panthera,CA,DE,,2,2,live,,Z,C
2012,I,Panthera leo persica,Mammalia,Carnivora,Felidae,Panthera,CZ,IN,,2,,live,,Z,C
2012,I,Panthera leo persica,Mammalia,Carnivora,Felidae,Panthera,DK,CH,,2,2,live,,Z,C
2012,I,Panthera leo persica,Mammalia,Carnivora,Felidae,Panthera,RU,CH,,1,,live,,Z,C
2012,I,Panthera onca,Mammalia,Carnivora,Felidae,Panthera,BY,RU,,2,2,live,,Z,C
2012,I,Panthera onca,Mammalia,Carnivora,Felidae,Panthera,JP,PL,,,1,live,,Z,C
2012,I,Panthera onca,Mammalia,Carnivora,Felidae,Panthera,RU,DE,,1,,live,,Z,C
2012,I,Panthera onca,Mammalia,Carnivora,Felidae,Panthera,SA,FR,,1,1,live,,Z,C
2012,I,Panthera onca,Mammalia,Carnivora,Felidae,Panthera,SA,GR,,1,1,live,,Z,C
2012,I,Panthera onca,Mammalia,Carnivora,Felidae,Panthera,TH,ZA,,,3,live,,Z,C
2012,I,Panthera onca,Mammalia,Carnivora,Felidae,Panthera,TR,SR,,1,,live,,Z,W
2012,I,Panthera pardus,Mammalia,Carnivora,Felidae,Panthera,AE,DE,CH,,2,live,,Z,C
2012,I,Panthera pardus,Mammalia,Carnivora,Felidae,Panthera,AE,DE,,,1,live,,Z,C
2012,I,Panthera pardus,Mammalia,Carnivora,Felidae,Panthera,BY,RU,,1,1,live,,Z,C
2012,I,Panthera pardus,Mammalia,Carnivora,Felidae,Panthera,CA,US,,1,,live,,Z,C
2012,I,Panthera pardus,Mammalia,Carnivora,Felidae,Panthera,CU,NA,,6,6,live,,Z,W
2012,I,Panthera pardus,Mammalia,Carnivora,Felidae,Panthera,EG,ZA,,1,1,live,,Z,C
2012,I,Panthera pardus,Mammalia,Carnivora,Felidae,Panthera,GA,ZA,,,2,live,,Z,C
2012,I,Panthera pardus,Mammalia,Carnivora,Felidae,Panthera,GA,ZA,,1,,live,,Z,R
2012,I,Panthera pardus,Mammalia,Carnivora,Felidae,Panthera,ID,DE,,,1,live,,Z,C
2012,I,Panthera pardus,Mammalia,Carnivora,Felidae,Panthera,JP,RU,,,1,live,,Z,C
2012,I,Panthera pardus,Mammalia,Carnivora,Felidae,Panthera,RU,EE,,1,1,live,,Z,C
2012,I,Panthera pardus,Mammalia,Carnivora,Felidae,Panthera,RU,FR,,1,2,live,,Z,C
2012,I,Panthera pardus,Mammalia,Carnivora,Felidae,Panthera,RU,KZ,,1,,live,,Z,F
2012,I,Panthera pardus,Mammalia,Carnivora,Felidae,Panthera,RU,PT,RE,,2,live,,Z,C
2012,I,Panthera pardus,Mammalia,Carnivora,Felidae,Panthera,RU,XX,,1,,live,,Z,C
2012,I,Panthera pardus,Mammalia,Carnivora,Felidae,Panthera,SG,CZ,GB,1,1,live,,Z,C
2012,I,Panthera pardus,Mammalia,Carnivora,Felidae,Panthera,UA,RU,,2,,live,,Z,C
2012,I,Panthera pardus,Mammalia,Carnivora,Felidae,Panthera,US,GB,DE,,1,live,,Z,C
2012,I,Panthera pardus,Mammalia,Carnivora,Felidae,Panthera,US,GB,DE,1,,live,,Z,F
2012,I,Panthera pardus,Mammalia,Carnivora,Felidae,Panthera,ZA,BE,,2,,live,,Z,C
2012,I,Panthera tigris,Mammalia,Carnivora,Felidae,Panthera,AR,ES,ES,2,,live,,Z,C
2012,I,Panthera tigris,Mammalia,Carnivora,Felidae,Panthera,CA,US,,1,1,live,,Z,C
2012,I,Panthera tigris,Mammalia,Carnivora,Felidae,Panthera,CL,AR,,,1,live,,Z,C
2012,I,Panthera tigris,Mammalia,Carnivora,Felidae,Panthera,CO,CL,,,1,live,,Z,C
2012,I,Panthera tigris,Mammalia,Carnivora,Felidae,Panthera,CU,MX,,1,1,live,,Z,C
2012,I,Panthera tigris,Mammalia,Carnivora,Felidae,Panthera,EG,ZA,,2,,live,,Z,
2012,I,Panthera tigris,Mammalia,Carnivora,Felidae,Panthera,FR,US,,1,1,live,,Z,C
2012,I,Panthera tigris,Mammalia,Carnivora,Felidae,Panthera,GB,IL,,,1,live,,Z,C
2012,I,Panthera tigris,Mammalia,Carnivora,Felidae,Panthera,GB,US,,1,1,live,,Z,C
2012,I,Panthera tigris,Mammalia,Carnivora,Felidae,Panthera,GT,MX,,,2,live,,Z,C
2012,I,Panthera tigris,Mammalia,Carnivora,Felidae,Panthera,JP,CA,CN,2,2,live,,Z,C
2012,I,Panthera tigris,Mammalia,Carnivora,Felidae,Panthera,JP,US,,1,1,live,,Z,C
2012,I,Panthera tigris,Mammalia,Carnivora,Felidae,Panthera,LB,SY,,,1,live,,Z,C
2012,I,Panthera tigris,Mammalia,Carnivora,Felidae,Panthera,MU,ZA,,,2,live,,Z,C
2012,I,Panthera tigris,Mammalia,Carnivora,Felidae,Panthera,NZ,AU,,1,,live,,Z,C
2012,I,Panthera tigris,Mammalia,Carnivora,Felidae,Panthera,PE,CL,,,1,live,,Z,C
2012,I,Panthera tigris,Mammalia,Carnivora,Felidae,Panthera,PH,AE,ES,,1,live,,Z,C
2012,I,Panthera tigris,Mammalia,Carnivora,Felidae,Panthera,RS,CZ,,1,1,live,,Z,C
2012,I,Panthera tigris,Mammalia,Carnivora,Felidae,Panthera,SG,KR,,1,1,live,,Z,C
2012,I,Panthera tigris,Mammalia,Carnivora,Felidae,Panthera,TH,ES,,,1,live,,Z,C
2012,I,Panthera tigris,Mammalia,Carnivora,Felidae,Panthera,TN,FR,,,1,live,,Z,C
2012,I,Panthera tigris,Mammalia,Carnivora,Felidae,Panthera,TR,RU,,,4,live,,Z,C
2012,I,Panthera tigris,Mammalia,Carnivora,Felidae,Panthera,TZ,ZA,,,1,live,,Z,C
2012,I,Panthera tigris,Mammalia,Carnivora,Felidae,Panthera,VN,BE,ZA,4,,live,,Z,C
2012,I,Panthera tigris,Mammalia,Carnivora,Felidae,Panthera,VN,ZA,,2,2,live,,Z,C
2012,I,Panthera tigris,Mammalia,Carnivora,Felidae,Panthera,ZA,BG,,1,,live,,Z,C
2012,I,Panthera tigris,Mammalia,Carnivora,Felidae,Panthera,ZA,DE,XX,,2,live,,Z,I
2012,I,Panthera tigris,Mammalia,Carnivora,Felidae,Panthera,ZA,DE,,12,,live,,Z,C
2012,I,Panthera tigris,Mammalia,Carnivora,Felidae,Panthera,ZA,JO,,1,,live,,Z,C
2012,I,Panthera tigris altaica,Mammalia,Carnivora,Felidae,Panthera,BY,RU,,1,1,live,,Z,C
2012,I,Panthera tigris altaica,Mammalia,Carnivora,Felidae,Panthera,CA,KR,,2,2,live,,Z,C
2012,I,Panthera tigris altaica,Mammalia,Carnivora,Felidae,Panthera,CZ,RU,,1,1,live,,Z,F
2012,I,Panthera tigris altaica,Mammalia,Carnivora,Felidae,Panthera,DE,RU,,,1,live,,Z,F
2012,I,Panthera tigris altaica,Mammalia,Carnivora,Felidae,Panthera,EE,RU,,1,1,live,,Z,F
2012,I,Panthera tigris altaica,Mammalia,Carnivora,Felidae,Panthera,GA,ZA,,,2,live,,Z,C
2012,I,Panthera tigris altaica,Mammalia,Carnivora,Felidae,Panthera,GB,RU,,1,1,live,,Z,F
2012,I,Panthera tigris altaica,Mammalia,Carnivora,Felidae,Panthera,LB,SY,,,2,live,,Z,C
2012,I,Panthera tigris altaica,Mammalia,Carnivora,Felidae,Panthera,NO,RU,,,1,live,,Z,F
2012,I,Panthera tigris altaica,Mammalia,Carnivora,Felidae,Panthera,PK,CA,,,1,live,,Z,C
2012,I,Panthera tigris altaica,Mammalia,Carnivora,Felidae,Panthera,PK,CA,,,2,live,,Z,F
2012,I,Panthera tigris altaica,Mammalia,Carnivora,Felidae,Panthera,US,CA,,1,1,live,,Z,F
2012,I,Panthera tigris altaica,Mammalia,Carnivora,Felidae,Panthera,ZA,RO,,4,,live,,Z,C
2012,I,Puma concolor,Mammalia,Carnivora,Felidae,Puma,BY,RU,,,2,live,,Z,C
2012,I,Puma yagouaroundi,Mammalia,Carnivora,Felidae,Puma,SG,GB,,2,2,live,,Z,C
2012,I,Puma yagouaroundi,Mammalia,Carnivora,Felidae,Puma,US,NL,,1,,live,,Z,C
2012,I,Puma yagouaroundi,Mammalia,Carnivora,Felidae,Puma,US,RU,,,1,live,,Z,C
2012,I,Uncia uncia,Mammalia,Carnivora,Felidae,Uncia,AE,ES,,,1,live,,Z,C
2012,I,Uncia uncia,Mammalia,Carnivora,Felidae,Uncia,ID,DE,EE,,1,live,,Z,C
2012,I,Uncia uncia,Mammalia,Carnivora,Felidae,Uncia,ID,DE,GB,,1,live,,Z,C
2012,I,Uncia uncia,Mammalia,Carnivora,Felidae,Uncia,IN,DE,,1,,live,,Z,C
2012,I,Uncia uncia,Mammalia,Carnivora,Felidae,Uncia,JP,DE,,1,1,live,,Z,C
2012,I,Uncia uncia,Mammalia,Carnivora,Felidae,Uncia,KZ,CZ,,,1,live,,Z,C
2012,I,Uncia uncia,Mammalia,Carnivora,Felidae,Uncia,KZ,FR,,,1,live,,Z,C
2012,I,Uncia uncia,Mammalia,Carnivora,Felidae,Uncia,KZ,KG,XX,,2,live,,Z,U
2012,I,Uncia uncia,Mammalia,Carnivora,Felidae,Uncia,LT,RU,,1,,live,,Z,C
2012,I,Uncia uncia,Mammalia,Carnivora,Felidae,Uncia,MX,US,,,2,live,,Z,C
2012,I,Uncia uncia,Mammalia,Carnivora,Felidae,Uncia,PL,CH,,1,1,live,,Z,C
2012,I,Uncia uncia,Mammalia,Carnivora,Felidae,Uncia,RU,CH,,1,2,live,,Z,C
2012,I,Uncia uncia,Mammalia,Carnivora,Felidae,Uncia,RU,DE,,1,,live,,Z,C
2012,I,Uncia uncia,Mammalia,Carnivora,Felidae,Uncia,RU,XX,,1,,live,,Z,C
2012,I,Uncia uncia,Mammalia,Carnivora,Felidae,Uncia,US,CA,,1,2,live,,Z,C
2012,I,Uncia uncia,Mammalia,Carnivora,Felidae,Uncia,US,CA,,1,,live,,Z,F
2012,I,Gavialis gangeticus,Reptilia,Crocodylia,Gavialidae,Gavialis,US,IN,,10,10,live,,Z,C
2012,I,Grus americana,Aves,Gruiformes,Gruidae,Grus,US,CA,US,,1,live,,Z,C
2012,I,Grus americana,Aves,Gruiformes,Gruidae,Grus,US,CA,US,1,,live,,Z,F
2012,I,Grus japonensis,Aves,Gruiformes,Gruidae,Grus,AR,FR,,,1,live,,Z,C
2012,I,Grus japonensis,Aves,Gruiformes,Gruidae,Grus,BY,RU,,3,1,live,,Z,C
2012,I,Grus japonensis,Aves,Gruiformes,Gruidae,Grus,BY,RU,,1,1,live,,Z,F
2012,I,Grus japonensis,Aves,Gruiformes,Gruidae,Grus,ID,NL,DE,,2,live,,Z,C
2012,I,Grus japonensis,Aves,Gruiformes,Gruidae,Grus,ID,NL,,,2,live,,Z,C
2012,I,Grus japonensis,Aves,Gruiformes,Gruidae,Grus,RU,NL,,2,,live,,Z,C
2012,I,Grus japonensis,Aves,Gruiformes,Gruidae,Grus,TR,DE,,1,1,live,,Z,C
2012,I,Grus japonensis,Aves,Gruiformes,Gruidae,Grus,TR,PT,,1,1,live,,Z,C
2012,I,Grus japonensis,Aves,Gruiformes,Gruidae,Grus,US,DE,,2,,live,,Z,C
2012,I,Grus japonensis,Aves,Gruiformes,Gruidae,Grus,ZA,NL,AT,,2,live,,Z,C
2012,I,Grus japonensis,Aves,Gruiformes,Gruidae,Grus,ZA,NL,DE,,1,live,,Z,C
2012,I,Grus japonensis,Aves,Gruiformes,Gruidae,Grus,ZA,NL,,4,1,live,,Z,C
2012,I,Grus nigricollis,Aves,Gruiformes,Gruidae,Grus,ZA,NL,DE,,1,live,,Z,C
2012,I,Grus nigricollis,Aves,Gruiformes,Gruidae,Grus,ZA,NL,,4,3,live,,Z,C
2012,I,Grus vipio,Aves,Gruiformes,Gruidae,Grus,BY,LT,,1,,live,,Z,C
2012,I,Grus vipio,Aves,Gruiformes,Gruidae,Grus,CH,CZ,,1,1,live,,Z,C
2012,I,Grus vipio,Aves,Gruiformes,Gruidae,Grus,CH,DE,,1,1,live,,Z,C
2012,I,Grus vipio,Aves,Gruiformes,Gruidae,Grus,ID,NL,DE,,1,live,,Z,C
2012,I,Grus vipio,Aves,Gruiformes,Gruidae,Grus,ID,NL,,,3,live,,Z,C
2012,I,Grus vipio,Aves,Gruiformes,Gruidae,Grus,RU,NL,,1,,live,,Z,C
2012,I,Grus vipio,Aves,Gruiformes,Gruidae,Grus,ZA,NL,BE,,2,live,,Z,C
2012,I,Grus vipio,Aves,Gruiformes,Gruidae,Grus,ZA,NL,DE,,1,live,,Z,C
2012,I,Grus vipio,Aves,Gruiformes,Gruidae,Grus,ZA,NL,,5,2,live,,Z,C
2012,I,Gorilla gorilla,Mammalia,Primates,Hominidae,Gorilla,DE,CH,,1,1,live,,Z,C
2012,I,Gorilla gorilla,Mammalia,Primates,Hominidae,Gorilla,FR,IL,,1,1,live,,Z,C
2012,I,Gorilla gorilla,Mammalia,Primates,Hominidae,Gorilla,KR,GB,,1,1,live,,Z,F
2012,I,Gorilla gorilla,Mammalia,Primates,Hominidae,Gorilla,RU,CZ,NL,,1,live,,Z,F
2012,I,Gorilla gorilla,Mammalia,Primates,Hominidae,Gorilla,RU,NL,,1,,live,,Z,F
2012,I,Gorilla gorilla,Mammalia,Primates,Hominidae,Gorilla,US,CA,,1,1,live,,Z,F
2012,I,Pan paniscus,Mammalia,Primates,Hominidae,Pan,DE,US,,,3,live,,Z,F
2012,I,Pan troglodytes,Mammalia,Primates,Hominidae,Pan,BD,GN,,4,,live,,Z,C
2012,I,Pan troglodytes,Mammalia,Primates,Hominidae,Pan,CN,JP,,,1,live,,Z,F
2012,I,Pan troglodytes,Mammalia,Primates,Hominidae,Pan,CN,SY,,4,8,live,,Z,C
2012,I,Pan troglodytes,Mammalia,Primates,Hominidae,Pan,CN,TD,,6,,live,,Z,C
2012,I,Pan troglodytes,Mammalia,Primates,Hominidae,Pan,NL,CH,,1,,live,,Z,F
2012,I,Pan troglodytes,Mammalia,Primates,Hominidae,Pan,SA,IT,,2,,live,,Z,C
2012,I,Pongo abelii,Mammalia,Primates,Hominidae,Pongo,CH,DE,,3,3,live,,Z,C
2012,I,Pongo abelii,Mammalia,Primates,Hominidae,Pongo,IL,CZ,RU,,1,live,,Z,F
2012,I,Pongo pygmaeus,Mammalia,Primates,Hominidae,Pongo,CH,FR,HU,1,1,live,,Z,C
2012,I,Pongo pygmaeus,Mammalia,Primates,Hominidae,Pongo,CH,FR,IL,1,1,live,,Z,C
2012,I,Pongo pygmaeus,Mammalia,Primates,Hominidae,Pongo,CH,GB,,1,1,live,,Z,C
2012,I,Pongo pygmaeus,Mammalia,Primates,Hominidae,Pongo,CN,PH,,7,,live,,Z,C
2012,I,Pongo pygmaeus,Mammalia,Primates,Hominidae,Pongo,CZ,IL,,,1,live,,Z,C
2012,I,Pongo pygmaeus,Mammalia,Primates,Hominidae,Pongo,IL,CZ,,1,,live,,Z,C
2012,I,Pongo pygmaeus,Mammalia,Primates,Hominidae,Pongo,RS,CZ,DK,,1,live,,Z,C
2012,I,Hylobates lar,Mammalia,Primates,Hylobatidae,Hylobates,HR,CZ,,1,1,live,,Z,C
2012,I,Hylobates lar,Mammalia,Primates,Hylobatidae,Hylobates,ZA,FR,,1,1,live,,Z,C
2012,I,Hylobates lar,Mammalia,Primates,Hylobatidae,Hylobates,ZA,FR,,,1,live,,Z,F
2012,I,Nomascus leucogenys,Mammalia,Primates,Hylobatidae,Nomascus,TR,FR,,1,,live,,Z,C
2012,I,Nomascus leucogenys,Mammalia,Primates,Hylobatidae,Nomascus,TR,FR,,1,1,live,,Z,F
2012,I,Nomascus leucogenys,Mammalia,Primates,Hylobatidae,Nomascus,TR,NL,,,1,live,,Z,C
2012,I,Symphalangus syndactylus,Mammalia,Primates,Hylobatidae,Symphalangus,AR,PT,,1,,live,,Z,C
2012,I,Symphalangus syndactylus,Mammalia,Primates,Hylobatidae,Symphalangus,CL,FR,,2,2,live,,Z,C
2012,I,Symphalangus syndactylus,Mammalia,Primates,Hylobatidae,Symphalangus,CN,GB,,,2,live,,Z,C
2012,I,Cyclura nubila,Reptilia,Sauria,Iguanidae,Cyclura,HR,CZ,,2,2,live,,Z,C
2012,I,Eulemur collaris,Mammalia,Primates,Lemuridae,Eulemur,CN,BG,GB,,9,live,,Z,C
2012,I,Eulemur collaris,Mammalia,Primates,Lemuridae,Eulemur,CN,BG,,9,,live,,Z,C
2012,I,Eulemur macaco,Mammalia,Primates,Lemuridae,Eulemur,TR,FR,FR,,2,live,,Z,F
2012,I,Eulemur macaco,Mammalia,Primates,Lemuridae,Eulemur,TR,FR,,2,,live,,Z,F
2012,I,Eulemur macaco,Mammalia,Primates,Lemuridae,Eulemur,TR,GB,,1,,live,,Z,C
2012,I,Eulemur macaco,Mammalia,Primates,Lemuridae,Eulemur,UA,CZ,,3,,live,,Z,C
2012,I,Hapalemur alaotrensis,Mammalia,Primates,Lemuridae,Hapalemur,FR,CH,GB,,1,live,,Z,F
2012,I,Hapalemur griseus,Mammalia,Primates,Lemuridae,Hapalemur,FR,CH,GB,1,,live,,Z,F
2012,I,Lemur catta,Mammalia,Primates,Lemuridae,Lemur,AE,DE,,,2,live,,Z,C
2012,I,Lemur catta,Mammalia,Primates,Lemuridae,Lemur,AU,IT,,,3,live,,Z,C
2012,I,Lemur catta,Mammalia,Primates,Lemuridae,Lemur,BD,CZ,,3,,live,,Z,C
2012,I,Lemur catta,Mammalia,Primates,Lemuridae,Lemur,BD,PT,,,6,live,,Z,C
2012,I,Lemur catta,Mammalia,Primates,Lemuridae,Lemur,BM,US,,,3,live,,Z,C
2012,I,Lemur catta,Mammalia,Primates,Lemuridae,Lemur,BR,GR,,2,3,live,,Z,C
2012,I,Lemur catta,Mammalia,Primates,Lemuridae,Lemur,CN,BG,CY,6,,live,,Z,C
2012,I,Lemur catta,Mammalia,Primates,Lemuridae,Lemur,CN,BG,DE,3,,live,,Z,C
2012,I,Lemur catta,Mammalia,Primates,Lemuridae,Lemur,CN,BG,FR,3,,live,,Z,C
2012,I,Lemur catta,Mammalia,Primates,Lemuridae,Lemur,CN,BG,GB,17,,live,,Z,C
2012,I,Lemur catta,Mammalia,Primates,Lemuridae,Lemur,CN,BG,GR,2,,live,,Z,C
2012,I,Lemur catta,Mammalia,Primates,Lemuridae,Lemur,CN,BG,HU,4,3,live,,Z,C
2012,I,Lemur catta,Mammalia,Primates,Lemuridae,Lemur,CN,BG,XV,,32,live,,Z,C
2012,I,Lemur catta,Mammalia,Primates,Lemuridae,Lemur,CN,CA,,,14,live,,Z,C
2012,I,Lemur catta,Mammalia,Primates,Lemuridae,Lemur,CN,CA,,,2,live,,Z,F
2012,I,Lemur catta,Mammalia,Primates,Lemuridae,Lemur,CN,CZ,,22,,live,,Z,C
2012,I,Lemur catta,Mammalia,Primates,Lemuridae,Lemur,CO,GB,,5,5,live,,Z,C
2012,I,Lemur catta,Mammalia,Primates,Lemuridae,Lemur,DK,NO,,10,,live,,Z,C
2012,I,Lemur catta,Mammalia,Primates,Lemuridae,Lemur,DO,ES,,,4,live,,Z,C
2012,I,Lemur catta,Mammalia,Primates,Lemuridae,Lemur,FR,JE,GB,1,,live,,Z,C
2012,I,Lemur catta,Mammalia,Primates,Lemuridae,Lemur,FR,JE,,3,,live,,Z,C
2012,I,Lemur catta,Mammalia,Primates,Lemuridae,Lemur,HR,DE,,3,,live,,Z,C
2012,I,Lemur catta,Mammalia,Primates,Lemuridae,Lemur,HR,NL,,3,,live,,Z,C
2012,I,Lemur catta,Mammalia,Primates,Lemuridae,Lemur,HU,CH,,,7,live,,Z,C
2012,I,Lemur catta,Mammalia,Primates,Lemuridae,Lemur,ID,BE,,,4,live,,Z,C
2012,I,Lemur catta,Mammalia,Primates,Lemuridae,Lemur,IL,NL,FR,,1,live,,Z,C
2012,I,Lemur catta,Mammalia,Primates,Lemuridae,Lemur,IL,NL,,,1,live,,Z,C
2012,I,Lemur catta,Mammalia,Primates,Lemuridae,Lemur,LU,IL,,2,2,live,,Z,C
2012,I,Lemur catta,Mammalia,Primates,Lemuridae,Lemur,RU,CZ,,5,5,live,,Z,C
2012,I,Lemur catta,Mammalia,Primates,Lemuridae,Lemur,RU,LV,LV,,1,live,,Z,C
2012,I,Lemur catta,Mammalia,Primates,Lemuridae,Lemur,RU,LV,,1,,live,,Z,C
2012,I,Lemur catta,Mammalia,Primates,Lemuridae,Lemur,SA,BE,IT,4,,live,,Z,C
2012,I,Lemur catta,Mammalia,Primates,Lemuridae,Lemur,SA,FR,,1,1,live,,Z,C
2012,I,Lemur catta,Mammalia,Primates,Lemuridae,Lemur,SA,IT,,,4,live,,Z,C
2012,I,Lemur catta,Mammalia,Primates,Lemuridae,Lemur,TH,CZ,GB,,1,live,,Z,C
2012,I,Lemur catta,Mammalia,Primates,Lemuridae,Lemur,TH,CZ,HU,,3,live,,Z,C
2012,I,Lemur catta,Mammalia,Primates,Lemuridae,Lemur,TH,CZ,,6,2,live,,Z,C
2012,I,Lemur catta,Mammalia,Primates,Lemuridae,Lemur,TR,NL,,7,,live,,Z,C
2012,I,Lemur catta,Mammalia,Primates,Lemuridae,Lemur,UA,CZ,,3,,live,,Z,C
2012,I,Lemur catta,Mammalia,Primates,Lemuridae,Lemur,UA,FR,,,2,live,,Z,C
2012,I,Lemur catta,Mammalia,Primates,Lemuridae,Lemur,UA,GR,,6,6,live,,Z,C
2012,I,Lemur catta,Mammalia,Primates,Lemuridae,Lemur,VN,GB,,2,2,live,,Z,C
2012,I,Lemur catta,Mammalia,Primates,Lemuridae,Lemur,VN,ZA,,4,4,live,,Z,C
2012,I,Lemur catta,Mammalia,Primates,Lemuridae,Lemur,XX,SE,,,7,live,,Z,C
2012,I,Lemur catta,Mammalia,Primates,Lemuridae,Lemur,ZA,FR,TN,,2,live,,Z,C
2012,I,Lemur catta,Mammalia,Primates,Lemuridae,Lemur,ZA,FR,,,2,live,,Z,C
2012,I,Lemur catta,Mammalia,Primates,Lemuridae,Lemur,ZA,PT,XX,6,,live,,Z,W
2012,I,Lemur catta,Mammalia,Primates,Lemuridae,Lemur,ZA,PT,,,6,live,,Z,C
2012,I,Lemur catta,Mammalia,Primates,Lemuridae,Lemur,ZA,SE,,5,,live,,Z,C
2012,I,Varecia rubra,Mammalia,Primates,Lemuridae,Varecia,CN,AR,,2,,live,,Z,C
2012,I,Varecia rubra,Mammalia,Primates,Lemuridae,Varecia,CN,BG,GB,1,1,live,,Z,C
2012,I,Varecia rubra,Mammalia,Primates,Lemuridae,Varecia,DE,IL,FR,,1,live,,Z,F
2012,I,Varecia rubra,Mammalia,Primates,Lemuridae,Varecia,RU,HU,,,1,live,,Z,C
2012,I,Varecia rubra,Mammalia,Primates,Lemuridae,Varecia,TR,GB,,1,2,live,,Z,C
2012,I,Varecia rubra,Mammalia,Primates,Lemuridae,Varecia,VG,ZA,,,1,live,,Z,C
2012,I,Varecia variegata,Mammalia,Primates,Lemuridae,Varecia,AR,ES,,3,,live,,Z,C
2012,I,Varecia variegata,Mammalia,Primates,Lemuridae,Varecia,CN,BG,GB,6,6,live,,Z,C
2012,I,Varecia variegata,Mammalia,Primates,Lemuridae,Varecia,CN,JP,,,2,live,,Z,C
2012,I,Varecia variegata,Mammalia,Primates,Lemuridae,Varecia,EE,UA,,3,3,live,,Z,C
2012,I,Varecia variegata,Mammalia,Primates,Lemuridae,Varecia,MA,FR,PL,,2,live,,Z,C
2012,I,Varecia variegata,Mammalia,Primates,Lemuridae,Varecia,ZA,CZ,,1,1,live,,Z,C
2012,I,Nycticebus coucang,Mammalia,Primates,Lorisidae,Nycticebus,KR,BN,,1,,specimens,ml,Z,W
2012,I,Nycticebus pygmaeus,Mammalia,Primates,Lorisidae,Nycticebus,RU,FR,,,2,live,,Z,C
2012,I,Nycticebus pygmaeus,Mammalia,Primates,Lorisidae,Nycticebus,US,CA,XX,,1,live,,Z,U
2012,I,Nycticebus pygmaeus,Mammalia,Primates,Lorisidae,Nycticebus,US,CA,XX,1,,live,,Z,W
2012,I,Nycticebus pygmaeus,Mammalia,Primates,Lorisidae,Nycticebus,US,CA,,2,2,live,,Z,F
2012,I,Lutra lutra,Mammalia,Carnivora,Mustelidae,Lutra,CH,NL,,1,1,live,,Z,C
2012,I,Lutra lutra,Mammalia,Carnivora,Mustelidae,Lutra,JP,AT,DE,1,1,live,,Z,C
2012,I,Lutra lutra,Mammalia,Carnivora,Mustelidae,Lutra,JP,AT,,2,2,live,,Z,C
2012,I,Lutra lutra,Mammalia,Carnivora,Mustelidae,Lutra,KR,NL,DE,2,,live,,Z,C
2012,I,Lutra lutra,Mammalia,Carnivora,Mustelidae,Lutra,MA,NL,DE,,2,live,,Z,C
2012,I,Lutra lutra,Mammalia,Carnivora,Mustelidae,Lutra,MA,NL,,2,,live,,Z,C
2012,I,Lutra lutra,Mammalia,Carnivora,Mustelidae,Lutra,UZ,RU,,,3,live,,Z,C
2012,I,Pteronura brasiliensis,Mammalia,Carnivora,Mustelidae,Pteronura,SG,DE,,2,2,live,,Z,C
2012,I,Pelecanus crispus,Aves,Pelecaniformes,Pelecanidae,Pelecanus,DE,CH,,2,2,live,,Z,C
2012,I,Catreus wallichii,Aves,Galliformes,Phasianidae,Catreus,RU,NL,,8,,live,,Z,C
2012,I,Colinus virginianus ridgwayi,Aves,Galliformes,Phasianidae,Colinus,MX,US,,120,,live,,Z,C
2012,I,Crossoptilon mantchuricum,Aves,Galliformes,Phasianidae,Crossoptilon,UA,EE,,2,,live,,Z,F
2012,I,Lophura edwardsi,Aves,Galliformes,Phasianidae,Lophura,RU,NL,,7,,live,,Z,C
2012,I,Lophura swinhoii,Aves,Galliformes,Phasianidae,Lophura,RU,NL,,8,,live,,Z,C
2012,I,Syrmaticus ellioti,Aves,Galliformes,Phasianidae,Syrmaticus,RU,NL,,8,,live,,Z,C
2012,I,Syrmaticus humiae,Aves,Galliformes,Phasianidae,Syrmaticus,RU,NL,,8,,live,,Z,C
2012,I,Syrmaticus humiae,Aves,Galliformes,Phasianidae,Syrmaticus,UA,EE,,2,,live,,Z,F
2012,I,Syrmaticus mikado,Aves,Galliformes,Phasianidae,Syrmaticus,RU,NL,,8,,live,,Z,C
2012,I,Amazona auropalliata,Aves,Psittaciformes,Psittacidae,Amazona,EG,SY,,,10,live,,Z,C
2012,I,Amazona leucocephala,Aves,Psittaciformes,Psittacidae,Amazona,MX,US,,4,,live,,Z,F
2012,I,Amazona viridigenalis,Aves,Psittaciformes,Psittacidae,Amazona,PA,NL,BE,,2,live,,Z,C
2012,I,Ara ambiguus,Aves,Psittaciformes,Psittacidae,Ara,TR,FR,,,1,live,,Z,C
2012,I,Ara macao,Aves,Psittaciformes,Psittacidae,Ara,BY,RU,,2,4,live,,Z,C
2012,I,Ara macao,Aves,Psittaciformes,Psittacidae,Ara,CU,NL,,,2,live,,Z,C
2012,I,Ara macao,Aves,Psittaciformes,Psittacidae,Ara,GR,CH,,1,1,live,,Z,C
2012,I,Ara militaris,Aves,Psittaciformes,Psittacidae,Ara,BY,RU,,2,4,live,,Z,C
2012,I,Ara militaris,Aves,Psittaciformes,Psittacidae,Ara,TR,CZ,,2,2,live,,Z,C
2012,I,Guarouba guarouba,Aves,Psittaciformes,Psittacidae,Guarouba,MX,US,,4,,live,,Z,F
2012,I,Pionopsitta pileata,Aves,Psittaciformes,Psittacidae,Pionopsitta,PA,NL,PT,,4,live,,Z,C
2012,I,Primolius maracana,Aves,Psittaciformes,Psittacidae,Primolius,PA,NL,DE,,2,live,,Z,C
2012,I,Primolius maracana,Aves,Psittaciformes,Psittacidae,Primolius,PA,NL,HU,,1,live,,Z,C
2012,I,Primolius maracana,Aves,Psittaciformes,Psittacidae,Primolius,PA,NL,,,1,live,,Z,C
2012,I,Ceratotherium simum,Mammalia,Perissodactyla,Rhinocerotidae,Ceratotherium,CA,US,,2,,live,,Z,F
2012,I,Ceratotherium simum,Mammalia,Perissodactyla,Rhinocerotidae,Ceratotherium,KR,SG,,2,,live,,Z,C
2012,I,Ceratotherium simum,Mammalia,Perissodactyla,Rhinocerotidae,Ceratotherium,KR,ZA,,2,,live,,Z,C
2012,I,Ceratotherium simum,Mammalia,Perissodactyla,Rhinocerotidae,Ceratotherium,SA,NA,,,2,live,,Z,W
2012,I,Ceratotherium simum simum,Mammalia,Perissodactyla,Rhinocerotidae,Ceratotherium,CA,US,,,2,live,,Z,F
2012,I,Ceratotherium simum simum,Mammalia,Perissodactyla,Rhinocerotidae,Ceratotherium,KR,SG,,,2,live,,Z,C
2012,I,Ceratotherium simum simum,Mammalia,Perissodactyla,Rhinocerotidae,Ceratotherium,MX,US,,,1,live,,Z,C
2012,I,Ceratotherium simum simum,Mammalia,Perissodactyla,Rhinocerotidae,Ceratotherium,MX,US,,1,,live,,Z,F
2012,I,Diceros bicornis,Mammalia,Perissodactyla,Rhinocerotidae,Diceros,CN,JP,,2,,live,,Z,C
2012,I,Diceros bicornis,Mammalia,Perissodactyla,Rhinocerotidae,Diceros,MX,US,,3,,live,,Z,F
2012,I,Rhinoceros unicornis,Mammalia,Perissodactyla,Rhinocerotidae,Rhinoceros,CA,US,,,1,live,,Z,F
2012,I,Neurergus spp.,Amphibia,Caudata,Salamandridae,Neurergus,HR,AT,,,10,live,,Z,C
2012,I,Neurergus kaiseri,Amphibia,Caudata,Salamandridae,Neurergus,HR,AT,,10,,live,,Z,C
2012,I,Spheniscus humboldti,Aves,Sphenisciformes,Spheniscidae,Spheniscus,CN,NL,FR,,31,live,,Z,C
2012,I,Spheniscus humboldti,Aves,Sphenisciformes,Spheniscidae,Spheniscus,CN,NL,,12,,live,,Z,C
2012,I,Spheniscus humboldti,Aves,Sphenisciformes,Spheniscidae,Spheniscus,CN,PE,,17,,live,,Z,C
2012,I,Spheniscus humboldti,Aves,Sphenisciformes,Spheniscidae,Spheniscus,CN,XX,,10,,live,,Z,C
2012,I,Struthio camelus,Aves,Struthioniformes,Struthionidae,Struthio,BY,RU,,2,2,live,,Z,C
2012,I,Struthio camelus,Aves,Struthioniformes,Struthionidae,Struthio,DE,MA,,,24,eggs (live),,Z,W
2012,I,Tapirus indicus,Mammalia,Perissodactyla,Tapiridae,Tapirus,CN,SG,,1,1,live,,Z,C
2012,I,Catagonus wagneri,Mammalia,Artiodactyla,Tayassuidae,Catagonus,DE,US,JE,,7,live,,Z,F
2012,I,Astrochelys yniphora,Reptilia,Testudines,Testudinidae,Astrochelys,GB,CN,,1,,live,,Z,I
2012,I,Chelonoidis niger,Reptilia,Testudines,Testudinidae,Chelonoidis,DE,CH,,3,3,live,,Z,C
2012,I,Geronticus eremita,Aves,Ciconiiformes,Threskiornithidae,Geronticus,AE,HU,,10,10,live,,Z,C
2012,I,Geronticus eremita,Aves,Ciconiiformes,Threskiornithidae,Geronticus,LV,CH,,5,5,live,,Z,C
2012,I,Pharomachrus mocinno,Aves,Trogoniformes,Trogonidae,Pharomachrus,US,MX,,,2,live,,Z,F
2012,I,Ailuropoda melanoleuca,Mammalia,Carnivora,Ursidae,Ailuropoda,CA,CN,,3,,live,,Z,C
2012,I,Ailuropoda melanoleuca,Mammalia,Carnivora,Ursidae,Ailuropoda,CN,AT,,,1,live,,Z,C
2012,I,Ailuropoda melanoleuca,Mammalia,Carnivora,Ursidae,Ailuropoda,FR,CN,,1,1,live,,Z,C
2012,I,Ailuropoda melanoleuca,Mammalia,Carnivora,Ursidae,Ailuropoda,FR,CN,,1,1,live,,Z,F
2012,I,Ailuropoda melanoleuca,Mammalia,Carnivora,Ursidae,Ailuropoda,SG,CN,,2,,live,,Z,F
2012,I,Helarctos malayanus,Mammalia,Carnivora,Ursidae,Helarctos,KR,MY,,1,,live,,Z,C
2012,I,Ursus thibetanus,Mammalia,Carnivora,Ursidae,Ursus,CN,KR,CN,,4,live,,Z,C
2012,I,Ursus thibetanus,Mammalia,Carnivora,Ursidae,Ursus,SG,CN,,3,3,live,,Z,C
2012,I,Varanus komodoensis,Reptilia,Sauria,Varanidae,Varanus,CN,CZ,,4,,live,,Z,C
2012,I,Varanus komodoensis,Reptilia,Sauria,Varanidae,Varanus,DE,US,,,10,live,,Z,C
2012,I,Varanus komodoensis,Reptilia,Sauria,Varanidae,Varanus,LK,CZ,,2,2,live,,Z,C
2012,I,Varanus komodoensis,Reptilia,Sauria,Varanidae,Varanus,US,CZ,,10,10,live,,Z,C
2012,II,Aegypius monachus,Aves,Falconiformes,Accipitridae,Aegypius,EE,MD,UZ,,1,live,,Z,F
2012,II,Aegypius monachus,Aves,Falconiformes,Accipitridae,Aegypius,EE,MD,UZ,1,,live,,Z,W
2012,II,Aegypius monachus,Aves,Falconiformes,Accipitridae,Aegypius,LV,AZ,,,1,live,,Z,W
2012,II,Aegypius monachus,Aves,Falconiformes,Accipitridae,Aegypius,MD,EE,,1,1,live,,Z,F
2012,II,Aegypius monachus,Aves,Falconiformes,Accipitridae,Aegypius,US,MN,,1,,live,,Z,C
2012,II,Gypaetus barbatus,Aves,Falconiformes,Accipitridae,Gypaetus,RS,CH,,1,1,live,,Z,C
2012,II,Gypaetus barbatus,Aves,Falconiformes,Accipitridae,Gypaetus,UA,FR,CH,,1,live,,Z,C
2012,II,Gypohierax angolensis,Aves,Falconiformes,Accipitridae,Gypohierax,TH,GN,,3,,live,,Z,W
2012,II,Gyps africanus,Aves,Falconiformes,Accipitridae,Gyps,CU,NA,,8,8,live,,Z,W
2012,II,Gyps fulvus,Aves,Falconiformes,Accipitridae,Gyps,LV,AZ,,,2,live,,Z,W
2012,II,Gyps rueppellii,Aves,Falconiformes,Accipitridae,Gyps,DE,CH,FR,,1,live,,Z,F
2012,II,Haliaeetus leucogaster,Aves,Falconiformes,Accipitridae,Haliaeetus,KR,BN,,1,,specimens,ml,Z,W
2012,II,Haliaeetus pelagicus,Aves,Falconiformes,Accipitridae,Haliaeetus,CA,US,,,1,live,,Z,F
2012,II,Haliaeetus pelagicus,Aves,Falconiformes,Accipitridae,Haliaeetus,DE,CH,,,1,live,,Z,C
2012,II,Parabuteo unicinctus,Aves,Falconiformes,Accipitridae,Parabuteo,KR,GB,,1,,live,,Z,C
2012,II,Spizaetus tyrannus,Aves,Falconiformes,Accipitridae,Spizaetus,MX,PE,,1,,live,,Z,F
2012,II,Torgos tracheliotus,Aves,Falconiformes,Accipitridae,Torgos,TH,GN,,4,,live,,Z,W
2012,II,Montipora spp.,Anthozoa,Scleractinia,Acroporidae,Montipora,AE,FJ,XX,10,,raw corals,,Z,W
2012,II,Pavona spp.,Anthozoa,Scleractinia,Agariciidae,Pavona,AE,FJ,XX,15,,raw corals,,Z,W
2012,II,Alligator mississippiensis,Reptilia,Crocodylia,Alligatoridae,Alligator,CZ,TR,US,1,1,live,,Z,C
2012,II,Alligator mississippiensis,Reptilia,Crocodylia,Alligatoridae,Alligator,CZ,US,,1,,live,,Z,F
2012,II,Alligator mississippiensis,Reptilia,Crocodylia,Alligatoridae,Alligator,MY,DK,,2,,live,,Z,C
2012,II,Alligator mississippiensis,Reptilia,Crocodylia,Alligatoridae,Alligator,RU,IT,US,,3,leather products (small),,Z,C
2012,II,Caiman crocodilus crocodilus,Reptilia,Crocodylia,Alligatoridae,Caiman,ZA,GY,,10,,live,,Z,W
2012,II,Caiman latirostris,Reptilia,Crocodylia,Alligatoridae,Caiman,MY,AR,,2,,live,,Z,C
2012,II,Paleosuchus palpebrosus,Reptilia,Crocodylia,Alligatoridae,Paleosuchus,MY,DK,,6,,live,,Z,C
2012,II,Paleosuchus palpebrosus,Reptilia,Crocodylia,Alligatoridae,Paleosuchus,ZA,GY,,6,,live,,Z,W
2012,II,Paleosuchus trigonatus,Reptilia,Crocodylia,Alligatoridae,Paleosuchus,ZA,GY,,6,,live,,Z,W
2012,II,Cygnus melancoryphus,Aves,Anseriformes,Anatidae,Cygnus,AM,AE,NL,,8,live,,Z,C
2012,II,Cygnus melancoryphus,Aves,Anseriformes,Anatidae,Cygnus,CN,NL,,130,30,live,,Z,C
2012,II,Cygnus melancoryphus,Aves,Anseriformes,Anatidae,Cygnus,SG,CZ,,2,2,live,,Z,C
2012,II,Aotus lemurinus,Mammalia,Primates,Aotidae,Aotus,NL,CH,,9,12,live,,Z,C
2012,II,Arapaima gigas,Actinopteri,Osteoglossiformes,Arapaimidae,Arapaima,AT,PE,,3,,live,,Z,C
2012,II,Arapaima gigas,Actinopteri,Osteoglossiformes,Arapaimidae,Arapaima,FR,PE,,15,,live,,Z,C
2012,II,Alouatta caraya,Mammalia,Primates,Atelidae,Alouatta,SG,GB,,2,1,live,,Z,F
2012,II,Ateles geoffroyi,Mammalia,Primates,Atelidae,Ateles,CH,NZ,,2,,live,,Z,C
2012,II,Ateles geoffroyi,Mammalia,Primates,Atelidae,Ateles,NZ,CH,,2,,live,,Z,C
2012,II,Lagothrix lagotricha,Mammalia,Primates,Atelidae,Lagothrix,CH,FR,GB,2,,live,,Z,C
2012,II,Lagothrix lagotricha,Mammalia,Primates,Atelidae,Lagothrix,CH,FR,,1,3,live,,Z,C
2012,II,Boa constrictor,Reptilia,Serpentes,Boidae,Boa,BN,US,,1,,live,,Z,C
2012,II,Boa constrictor,Reptilia,Serpentes,Boidae,Boa,CN,CZ,,10,,live,,Z,C
2012,II,Boa constrictor,Reptilia,Serpentes,Boidae,Boa,KR,MY,,3,,live,,Z,C
2012,II,Boa constrictor,Reptilia,Serpentes,Boidae,Boa,TR,DE,SR,3,,live,,Z,W
2012,II,Corallus caninus,Reptilia,Serpentes,Boidae,Corallus,JM,GY,,1,,live,,Z,W
2012,II,Corallus caninus,Reptilia,Serpentes,Boidae,Corallus,TR,DE,SR,5,,live,,Z,W
2012,II,Corallus caninus,Reptilia,Serpentes,Boidae,Corallus,US,CA,,2,,live,,Z,C
2012,II,Corallus caninus,Reptilia,Serpentes,Boidae,Corallus,US,CA,,,2,live,,Z,F
2012,II,Corallus hortulanus,Reptilia,Serpentes,Boidae,Corallus,JM,GY,,1,,live,,Z,W
2012,II,Corallus hortulanus,Reptilia,Serpentes,Boidae,Corallus,KZ,RU,,,3,live,,Z,C
2012,II,Corallus hortulanus,Reptilia,Serpentes,Boidae,Corallus,TR,DE,SR,5,,live,,Z,W
2012,II,Epicrates cenchria,Reptilia,Serpentes,Boidae,Epicrates,CN,CZ,,10,,live,,Z,C
2012,II,Epicrates cenchria,Reptilia,Serpentes,Boidae,Epicrates,JM,GY,,1,,live,,Z,W
2012,II,Epicrates cenchria,Reptilia,Serpentes,Boidae,Epicrates,TR,DE,SR,4,,live,,Z,W
2012,II,Eunectes murinus,Reptilia,Serpentes,Boidae,Eunectes,FR,CH,,1,1,live,,Z,C
2012,II,Eunectes murinus,Reptilia,Serpentes,Boidae,Eunectes,JM,GY,,1,,live,,Z,W
2012,II,Eunectes murinus,Reptilia,Serpentes,Boidae,Eunectes,PL,CH,,,3,live,,Z,C
2012,II,Ammotragus lervia,Mammalia,Artiodactyla,Bovidae,Ammotragus,RU,CZ,,,7,live,,Z,C
2012,II,Budorcas taxicolor,Mammalia,Artiodactyla,Bovidae,Budorcas,RU,CZ,,,2,live,,Z,C
2012,II,Capra falconeri,Mammalia,Artiodactyla,Bovidae,Capra,KZ,KG,XX,,3,live,,Z,U
2012,II,Oryx leucoryx,Mammalia,Artiodactyla,Bovidae,Oryx,AT,CH,,2,,live,,Z,C
2012,II,Bradypus variegatus,Mammalia,Pilosa,Bradypodidae,Bradypus,US,CR,,,3,live,,Z,C
2012,II,Bradypus variegatus,Mammalia,Pilosa,Bradypodidae,Bradypus,US,CR,,3,,live,,Z,W
2012,II,Anthracoceros albirostris,Aves,Coraciiformes,Bucerotidae,Anthracoceros,IL,SG,,,3,live,,Z,C
2012,II,Anthracoceros albirostris,Aves,Coraciiformes,Bucerotidae,Anthracoceros,IL,SG,,,1,live,,Z,W
2012,II,Buceros hydrocorax,Aves,Coraciiformes,Bucerotidae,Buceros,KR,PH,,1,,live,,Z,C
2012,II,Buceros rhinoceros,Aves,Coraciiformes,Bucerotidae,Buceros,MX,US,,,1,live,,Z,F
2012,II,Penelopides exarhatus,Aves,Coraciiformes,Bucerotidae,Penelopides,DE,US,,,2,live,,Z,C
2012,II,Penelopides exarhatus,Aves,Coraciiformes,Bucerotidae,Penelopides,DE,US,,2,1,live,,Z,F
2012,II,Penelopides panini,Aves,Coraciiformes,Bucerotidae,Penelopides,IL,GB,,,1,live,,Z,F
2012,II,Cacatua alba,Aves,Psittaciformes,Cacatuidae,Cacatua,EG,SY,,,10,live,,Z,C
2012,II,Cacatua alba,Aves,Psittaciformes,Cacatuidae,Cacatua,TR,FR,,1,1,live,,Z,C
2012,II,Cacatua galerita,Aves,Psittaciformes,Cacatuidae,Cacatua,EG,SY,,,10,live,,Z,C
2012,II,Cacatua ophthalmica,Aves,Psittaciformes,Cacatuidae,Cacatua,IL,SG,,,2,live,,Z,C
2012,II,Eolophus roseicapilla,Aves,Psittaciformes,Cacatuidae,Eolophus,AM,AE,NL,,5,live,,Z,C
2012,II,Lama guanicoe,Mammalia,Artiodactyla,Camelidae,Lama,UA,PL,,,2,live,,Z,C
2012,II,Vicugna vicugna,Mammalia,Artiodactyla,Camelidae,Vicugna,CH,GB,,1,,live,,Z,C
2012,II,Vicugna vicugna,Mammalia,Artiodactyla,Camelidae,Vicugna,CH,RU,,1,,live,,Z,C
2012,II,Vicugna vicugna,Mammalia,Artiodactyla,Camelidae,Vicugna,GB,CH,,1,1,live,,Z,C
2012,II,Canis lupus,Mammalia,Carnivora,Canidae,Canis,CH,FR,,,1,live,,Z,C
2012,II,Canis lupus,Mammalia,Carnivora,Canidae,Canis,FR,CH,,5,,live,,Z,C
2012,II,Canis lupus,Mammalia,Carnivora,Canidae,Canis,LV,RU,,1,1,live,,Z,C
2012,II,Canis lupus,Mammalia,Carnivora,Canidae,Canis,MX,US,,,3,live,,Z,C
2012,II,Canis lupus,Mammalia,Carnivora,Canidae,Canis,RS,CZ,,,4,live,,Z,C
2012,II,Canis lupus,Mammalia,Carnivora,Canidae,Canis,SE,RU,,4,,live,,Z,F
2012,II,Canis lupus,Mammalia,Carnivora,Canidae,Canis,UA,CZ,,,6,live,,Z,C
2012,II,Canis lupus,Mammalia,Carnivora,Canidae,Canis,US,CA,,,2,live,,Z,F
2012,II,Canis lupus monstrabilis,Mammalia,Carnivora,Canidae,Canis,US,CA,,2,,live,,Z,F
2012,II,Chrysocyon brachyurus,Mammalia,Carnivora,Canidae,Chrysocyon,CN,CL,,2,2,live,,Z,C
2012,II,Vulpes zerda,Mammalia,Carnivora,Canidae,Vulpes,CN,KR,SD,13,13,live,,Z,W
2012,II,Vulpes zerda,Mammalia,Carnivora,Canidae,Vulpes,IL,FR,,,1,live,,Z,C
2012,II,Vulpes zerda,Mammalia,Carnivora,Canidae,Vulpes,NO,FR,,,1,live,,Z,F
2012,II,Vulpes zerda,Mammalia,Carnivora,Canidae,Vulpes,RU,UA,XX,,6,live,,Z,W
2012,II,Plerogyra simplex,Anthozoa,Scleractinia,Caryophylliidae,Plerogyra,AE,FJ,XX,10,,raw corals,,Z,W
2012,II,Callithrix argentata,Mammalia,Primates,Cebidae,Callithrix,RS,HU,,2,2,live,,Z,C
2012,II,Callithrix argentata,Mammalia,Primates,Cebidae,Callithrix,SG,GB,,2,,live,,Z,C
2012,II,Callithrix argentata,Mammalia,Primates,Cebidae,Callithrix,TR,FR,,1,,live,,Z,C
2012,II,Callithrix argentata,Mammalia,Primates,Cebidae,Callithrix,TR,HU,,,2,live,,Z,C
2012,II,Callithrix geoffroyi,Mammalia,Primates,Cebidae,Callithrix,ID,CZ,,,2,live,,Z,C
2012,II,Callithrix geoffroyi,Mammalia,Primates,Cebidae,Callithrix,TR,IL,,,3,live,,Z,C
2012,II,Callithrix jacchus,Mammalia,Primates,Cebidae,Callithrix,AE,ZA,,,50,live,,Z,C
2012,II,Callithrix jacchus,Mammalia,Primates,Cebidae,Callithrix,CN,TH,ZA,40,,live,,Z,C
2012,II,Callithrix jacchus,Mammalia,Primates,Cebidae,Callithrix,RU,LV,LV,,7,live,,Z,C
2012,II,Callithrix jacchus,Mammalia,Primates,Cebidae,Callithrix,SY,ZA,,,24,live,,Z,C
2012,II,Callithrix jacchus,Mammalia,Primates,Cebidae,Callithrix,TH,ZA,,,100,live,,Z,C
2012,II,Callithrix jacchus,Mammalia,Primates,Cebidae,Callithrix,US,ZA,,,2,live,,Z,C
2012,II,Callithrix penicillata,Mammalia,Primates,Cebidae,Callithrix,AE,ZA,,,30,live,,Z,C
2012,II,Callithrix penicillata,Mammalia,Primates,Cebidae,Callithrix,CN,TH,ZA,30,,live,,Z,C
2012,II,Callithrix penicillata,Mammalia,Primates,Cebidae,Callithrix,SA,ZA,,,6,live,,Z,C
2012,II,Callithrix pygmaea,Mammalia,Primates,Cebidae,Callithrix,CH,FR,,1,1,live,,Z,C
2012,II,Callithrix pygmaea,Mammalia,Primates,Cebidae,Callithrix,CN,BG,CZ,6,,live,,Z,C
2012,II,Callithrix pygmaea,Mammalia,Primates,Cebidae,Callithrix,ID,CZ,,,1,live,,Z,C
2012,II,Callithrix pygmaea,Mammalia,Primates,Cebidae,Callithrix,ZA,PE,,,6,live,,Z,W
2012,II,Cebus apella,Mammalia,Primates,Cebidae,Cebus,AU,NZ,,,12,live,,Z,C
2012,II,Cebus apella,Mammalia,Primates,Cebidae,Cebus,CN,GY,,20,,live,,Z,W
2012,II,Cebus apella,Mammalia,Primates,Cebidae,Cebus,ID,NZ,,,11,live,,Z,C
2012,II,Cebus apella,Mammalia,Primates,Cebidae,Cebus,IN,CZ,GY,,4,live,,Z,W
2012,II,Cebus apella,Mammalia,Primates,Cebidae,Cebus,IN,CZ,,8,4,live,,Z,F
2012,II,Cebus apella,Mammalia,Primates,Cebidae,Cebus,TH,GY,,6,,live,,Z,W
2012,II,Cebus apella,Mammalia,Primates,Cebidae,Cebus,TR,FR,,1,1,live,,Z,F
2012,II,Cebus apella,Mammalia,Primates,Cebidae,Cebus,UA,PL,,,2,live,,Z,C
2012,II,Cebus xanthosternos,Mammalia,Primates,Cebidae,Cebus,DE,CH,,2,1,live,,Z,F
2012,II,Saguinus fuscicollis,Mammalia,Primates,Cebidae,Saguinus,ZA,PE,,1,1,live,,Z,W
2012,II,Saguinus graellsi,Mammalia,Primates,Cebidae,Saguinus,RS,HU,CZ,2,,live,,Z,F
2012,II,Saguinus graellsi,Mammalia,Primates,Cebidae,Saguinus,RS,HU,,,2,live,,Z,F
2012,II,Saguinus imperator,Mammalia,Primates,Cebidae,Saguinus,AE,ZA,,,30,live,,Z,C
2012,II,Saguinus imperator,Mammalia,Primates,Cebidae,Saguinus,AU,CZ,,,1,live,,Z,C
2012,II,Saguinus imperator,Mammalia,Primates,Cebidae,Saguinus,AU,DK,,,1,live,,Z,C
2012,II,Saguinus imperator,Mammalia,Primates,Cebidae,Saguinus,AU,FR,,,2,live,,Z,C
2012,II,Saguinus imperator,Mammalia,Primates,Cebidae,Saguinus,AU,NL,,,1,live,,Z,C
2012,II,Saguinus imperator,Mammalia,Primates,Cebidae,Saguinus,AU,PT,,,1,live,,Z,C
2012,II,Saguinus imperator,Mammalia,Primates,Cebidae,Saguinus,CL,CZ,,,1,live,,Z,C
2012,II,Saguinus imperator,Mammalia,Primates,Cebidae,Saguinus,CN,GB,,,5,live,,Z,C
2012,II,Saguinus imperator,Mammalia,Primates,Cebidae,Saguinus,HK,GB,,5,,live,,Z,C
2012,II,Saguinus imperator,Mammalia,Primates,Cebidae,Saguinus,RU,CH,,,1,live,,Z,C
2012,II,Saguinus imperator,Mammalia,Primates,Cebidae,Saguinus,ZA,PE,,1,1,live,,Z,W
2012,II,Saguinus labiatus,Mammalia,Primates,Cebidae,Saguinus,ID,CZ,SK,,1,live,,Z,C
2012,II,Saguinus midas,Mammalia,Primates,Cebidae,Saguinus,BY,UA,GY,,4,live,,Z,W
2012,II,Saguinus midas,Mammalia,Primates,Cebidae,Saguinus,CN,GY,,10,,live,,Z,W
2012,II,Saguinus midas,Mammalia,Primates,Cebidae,Saguinus,TH,GY,,75,39,live,,Z,W
2012,II,Saguinus mystax,Mammalia,Primates,Cebidae,Saguinus,ZA,PE,,1,1,live,,Z,W
2012,II,Saguinus oedipus,Mammalia,Primates,Cebidae,Saguinus,NO,SE,,1,,live,,Z,C
2012,II,Saimiri boliviensis,Mammalia,Primates,Cebidae,Saimiri,DE,CH,,,1,live,,Z,C
2012,II,Saimiri boliviensis,Mammalia,Primates,Cebidae,Saimiri,NZ,FR,DE,,10,live,,Z,C
2012,II,Saimiri boliviensis,Mammalia,Primates,Cebidae,Saimiri,NZ,FR,NL,,9,live,,Z,C
2012,II,Saimiri boliviensis,Mammalia,Primates,Cebidae,Saimiri,NZ,FR,NL,,6,live,,Z,F
2012,II,Saimiri boliviensis,Mammalia,Primates,Cebidae,Saimiri,NZ,FR,,24,5,live,,Z,C
2012,II,Saimiri boliviensis,Mammalia,Primates,Cebidae,Saimiri,NZ,FR,,6,,live,,Z,F
2012,II,Saimiri boliviensis,Mammalia,Primates,Cebidae,Saimiri,RU,ES,NL,,3,live,,Z,C
2012,II,Saimiri sciureus,Mammalia,Primates,Cebidae,Saimiri,AE,ZA,,,20,live,,Z,C
2012,II,Saimiri sciureus,Mammalia,Primates,Cebidae,Saimiri,BE,ZA,,12,,live,,Z,C
2012,II,Saimiri sciureus,Mammalia,Primates,Cebidae,Saimiri,BY,UA,GY,,4,live,,Z,W
2012,II,Saimiri sciureus,Mammalia,Primates,Cebidae,Saimiri,CN,GY,,40,105,live,,Z,W
2012,II,Saimiri sciureus,Mammalia,Primates,Cebidae,Saimiri,KR,CN,,,5,live,,Z,C
2012,II,Saimiri sciureus,Mammalia,Primates,Cebidae,Saimiri,RU,UA,GY,,3,live,,Z,W
2012,II,Saimiri sciureus,Mammalia,Primates,Cebidae,Saimiri,TH,GY,,12,,live,,Z,W
2012,II,Saimiri sciureus,Mammalia,Primates,Cebidae,Saimiri,TR,CZ,,7,7,live,,Z,C
2012,II,Saimiri sciureus,Mammalia,Primates,Cebidae,Saimiri,VN,ZA,,6,6,live,,Z,C
2012,II,Allenopithecus nigroviridis,Mammalia,Primates,Cercopithecidae,Allenopithecus,US,ZA,CD,4,4,live,,Z,W
2012,II,Cercopithecus lhoesti,Mammalia,Primates,Cercopithecidae,Cercopithecus,CN,GN,,12,,live,,Z,W
2012,II,Cercopithecus mitis,Mammalia,Primates,Cercopithecidae,Cercopithecus,CN,TZ,,5,,live,,Z,W
2012,II,Cercopithecus neglectus,Mammalia,Primates,Cercopithecidae,Cercopithecus,CN,CD,,22,,live,,Z,W
2012,II,Cercopithecus neglectus,Mammalia,Primates,Cercopithecidae,Cercopithecus,CN,GN,,10,,live,,Z,W
2012,II,Cercopithecus neglectus,Mammalia,Primates,Cercopithecidae,Cercopithecus,VN,ZA,,4,2,live,,Z,C
2012,II,Cercopithecus neglectus,Mammalia,Primates,Cercopithecidae,Cercopithecus,ZA,FR,,,2,live,,Z,C
2012,II,Cercopithecus nictitans,Mammalia,Primates,Cercopithecidae,Cercopithecus,CN,CD,,24,,live,,Z,W
2012,II,Cercopithecus nictitans,Mammalia,Primates,Cercopithecidae,Cercopithecus,CN,GN,,9,,live,,Z,W
2012,II,Chlorocebus aethiops,Mammalia,Primates,Cercopithecidae,Chlorocebus,VE,CU,,,2,live,,Z,C
2012,II,Chlorocebus pygerythrus,Mammalia,Primates,Cercopithecidae,Chlorocebus,TM,ZA,,,2,live,,Z,C
2012,II,Colobus guereza,Mammalia,Primates,Cercopithecidae,Colobus,CH,GB,,2,2,live,,Z,C
2012,II,Colobus guereza,Mammalia,Primates,Cercopithecidae,Colobus,CN,SY,,20,,live,,Z,C
2012,II,Colobus guereza,Mammalia,Primates,Cercopithecidae,Colobus,SG,RU,,1,1,live,,Z,C
2012,II,Erythrocebus patas,Mammalia,Primates,Cercopithecidae,Erythrocebus,CL,FR,,3,3,live,,Z,C
2012,II,Erythrocebus patas,Mammalia,Primates,Cercopithecidae,Erythrocebus,UA,CZ,ES,,1,live,,Z,C
2012,II,Erythrocebus patas,Mammalia,Primates,Cercopithecidae,Erythrocebus,UA,CZ,PL,,1,live,,Z,C
2012,II,Erythrocebus patas,Mammalia,Primates,Cercopithecidae,Erythrocebus,UA,CZ,,,1,live,,Z,C
2012,II,Macaca arctoides,Mammalia,Primates,Cercopithecidae,Macaca,VE,CU,,,2,live,,Z,C
2012,II,Macaca fuscata,Mammalia,Primates,Cercopithecidae,Macaca,UA,CZ,,5,4,live,,Z,C
2012,II,Macaca fuscata,Mammalia,Primates,Cercopithecidae,Macaca,UA,DE,,,7,live,,Z,C
2012,II,Papio hamadryas,Mammalia,Primates,Cercopithecidae,Papio,AU,US,,,2,live,,Z,F
2012,II,Papio hamadryas,Mammalia,Primates,Cercopithecidae,Papio,CN,ES,,,9,live,,Z,C
2012,II,Papio hamadryas,Mammalia,Primates,Cercopithecidae,Papio,GB,KW,,1,,live,,Z,I
2012,II,Papio hamadryas,Mammalia,Primates,Cercopithecidae,Papio,GB,KW,,2,,live,,Z,U
2012,II,Papio hamadryas,Mammalia,Primates,Cercopithecidae,Papio,GP,KW,XX,,3,live,,Z,I
2012,II,Papio hamadryas,Mammalia,Primates,Cercopithecidae,Papio,TM,QA,,,4,live,,Z,C
2012,II,Papio hamadryas,Mammalia,Primates,Cercopithecidae,Papio,US,NL,,4,4,live,,Z,C
2012,II,Papio papio,Mammalia,Primates,Cercopithecidae,Papio,DZ,FR,,7,7,live,,Z,C
2012,II,Presbytis spp.,Mammalia,Primates,Cercopithecidae,Presbytis,RU,UZ,,,2,live,,Z,C
2012,II,Trachypithecus auratus,Mammalia,Primates,Cercopithecidae,Trachypithecus,RU,PT,NL,,1,live,,Z,C
2012,II,Trachypithecus francoisi,Mammalia,Primates,Cercopithecidae,Trachypithecus,AU,NL,,,1,live,,Z,C
2012,II,Trachypithecus vetulus,Mammalia,Primates,Cercopithecidae,Trachypithecus,CN,GB,LK,1,1,live,,Z,F
2012,II,Trachypithecus vetulus,Mammalia,Primates,Cercopithecidae,Trachypithecus,CN,GB,SG,1,1,live,,Z,C
2012,II,Trachypithecus vetulus,Mammalia,Primates,Cercopithecidae,Trachypithecus,CN,GB,,3,3,live,,Z,C
2012,II,Trachypithecus vetulus,Mammalia,Primates,Cercopithecidae,Trachypithecus,US,GB,LK,2,2,specimens,,Z,F
2012,II,Trachypithecus vetulus,Mammalia,Primates,Cercopithecidae,Trachypithecus,US,GB,SG,2,2,specimens,,Z,C
2012,II,Trachypithecus vetulus,Mammalia,Primates,Cercopithecidae,Trachypithecus,US,GB,,6,6,specimens,,Z,C
2012,II,Chamaeleo calyptratus,Reptilia,Sauria,Chamaeleonidae,Chamaeleo,AE,US,,2,,live,,Z,C
2012,II,Furcifer pardalis,Reptilia,Sauria,Chamaeleonidae,Furcifer,FR,JE,,8,,live,,Z,C
2012,II,Furcifer pardalis,Reptilia,Sauria,Chamaeleonidae,Furcifer,HR,GB,,5,,live,,Z,C
2012,II,Furcifer pardalis,Reptilia,Sauria,Chamaeleonidae,Furcifer,IT,GB,,6,,live,,Z,C
2012,II,Ciconia nigra,Aves,Ciconiiformes,Ciconiidae,Ciconia,CH,LV,LV,,1,live,,Z,C
2012,II,Ciconia nigra,Aves,Ciconiiformes,Ciconiidae,Ciconia,CH,LV,,1,,live,,Z,C
2012,II,Gallicolumba luzonica,Aves,Columbiformes,Columbidae,Gallicolumba,SG,PH,,4,,live,,Z,F
2012,II,Goura cristata,Aves,Columbiformes,Columbidae,Goura,US,CA,,,1,live,,Z,C
2012,II,Goura victoria,Aves,Columbiformes,Columbidae,Goura,AM,AE,BH,,10,live,,Z,C
2012,II,Goura victoria,Aves,Columbiformes,Columbidae,Goura,AM,AE,,,13,live,,Z,U
2012,II,Rupicola peruvianus,Aves,Passeriformes,Cotingidae,Rupicola,CL,PE,,9,,live,,Z,W
2012,II,Rupicola peruvianus,Aves,Passeriformes,Cotingidae,Rupicola,DE,US,,8,8,live,,Z,F
2012,II,Crocodylus johnstoni,Reptilia,Crocodylia,Crocodylidae,Crocodylus,MY,GB,,2,,live,,Z,C
2012,II,Crocodylus niloticus,Reptilia,Crocodylia,Crocodylidae,Crocodylus,DZ,FR,TN,3,3,live,,Z,C
2012,II,Crocodylus niloticus,Reptilia,Crocodylia,Crocodylidae,Crocodylus,JP,ZA,,2,,live,,Z,C
2012,II,Globicephala macrorhynchus,Mammalia,Cetacea,Delphinidae,Globicephala,RU,JP,,,2,live,,Z,W
2012,II,Globicephala macrorhynchus,Mammalia,Cetacea,Delphinidae,Globicephala,US,JP,,1,,live,,Z,W
2012,II,Grampus griseus,Mammalia,Cetacea,Delphinidae,Grampus,CN,JP,,22,18,live,,Z,W
2012,II,Lagenorhynchus obliquidens,Mammalia,Cetacea,Delphinidae,Lagenorhynchus,CN,JP,,6,8,live,,Z,W
2012,II,Pseudorca crassidens,Mammalia,Cetacea,Delphinidae,Pseudorca,RU,JP,,,2,live,,Z,W
2012,II,Stenella attenuata,Mammalia,Cetacea,Delphinidae,Stenella,KP,CN,,,8,live,,Z,W
2012,II,Tursiops truncatus,Mammalia,Cetacea,Delphinidae,Tursiops,CN,JP,,9,22,live,,Z,W
2012,II,Tursiops truncatus,Mammalia,Cetacea,Delphinidae,Tursiops,ES,AR,,,1,live,,Z,C
2012,II,Tursiops truncatus,Mammalia,Cetacea,Delphinidae,Tursiops,KR,JP,,3,2,live,,Z,W
2012,II,Tursiops truncatus,Mammalia,Cetacea,Delphinidae,Tursiops,RU,JP,,,4,live,,Z,W
2012,II,Adelphobates galactonotus,Amphibia,Anura,Dendrobatidae,Adelphobates,ZA,AU,,10,,live,,Z,C
2012,II,Dendrobates leucomelas,Amphibia,Anura,Dendrobatidae,Dendrobates,HR,PL,,,10,live,,Z,C
2012,II,Dendrobates leucomelas,Amphibia,Anura,Dendrobatidae,Dendrobates,IL,SE,,,9,live,,Z,C
2012,II,Dendrobates tinctorius,Amphibia,Anura,Dendrobatidae,Dendrobates,FR,JE,,5,,live,,Z,C
2012,II,Dendrobates tinctorius,Amphibia,Anura,Dendrobatidae,Dendrobates,HR,PL,,,10,live,,Z,C
2012,II,Dendrobates tinctorius,Amphibia,Anura,Dendrobatidae,Dendrobates,SG,CA,,20,,live,,Z,C
2012,II,Dendrobates tinctorius,Amphibia,Anura,Dendrobatidae,Dendrobates,TR,DE,,6,,live,,Z,C
2012,II,Dendrobates tinctorius,Amphibia,Anura,Dendrobatidae,Dendrobates,ZA,AU,,4,,live,,Z,C
2012,II,Excidobates mysteriosus,Amphibia,Anura,Dendrobatidae,Excidobates,GB,CH,,20,20,live,,Z,F
2012,II,Phyllobates terribilis,Amphibia,Anura,Dendrobatidae,Phyllobates,FR,CH,,12,12,live,,Z,C
2012,II,Phyllobates terribilis,Amphibia,Anura,Dendrobatidae,Phyllobates,GB,CH,,6,,live,,Z,F
2012,II,Phyllobates vittatus,Amphibia,Anura,Dendrobatidae,Phyllobates,FR,JE,,8,,live,,Z,C
2012,II,Naja kaouthia,Reptilia,Serpentes,Elapidae,Naja,KR,MY,,10,,live,,Z,W
2012,II,Ophiophagus spp.,Reptilia,Serpentes,Elapidae,Ophiophagus,KR,MY,,6,,live,,Z,W
2012,II,Ophiophagus hannah,Reptilia,Serpentes,Elapidae,Ophiophagus,US,GB,MY,3,,live,,Z,W
2012,II,Loxodonta africana,Mammalia,Proboscidea,Elephantidae,Loxodonta,CN,ZW,,8,8,live,,Z,W
2012,II,Gubernatrix cristata,Aves,Passeriformes,Emberizidae,Gubernatrix,SG,GR,,,2,live,,Z,C
2012,II,Terrapene carolina,Reptilia,Testudines,Emydidae,Terrapene,AT,TW,XX,3,,live,,Z,U
2012,II,Equus hemionus,Mammalia,Perissodactyla,Equidae,Equus,SK,UA,,1,1,live,,Z,C
2012,II,Equus kiang,Mammalia,Perissodactyla,Equidae,Equus,UA,CZ,,2,,live,,Z,C
2012,II,Equus zebra hartmannae,Mammalia,Perissodactyla,Equidae,Equus,MX,US,,,4,live,,Z,C
2012,II,Equus zebra hartmannae,Mammalia,Perissodactyla,Equidae,Equus,MX,US,,5,,live,,Z,F
2012,II,Lonchura oryzivora,Aves,Passeriformes,Estrildidae,Lonchura,AM,AE,NL,,120,live,,Z,C
2012,II,Cryptoprocta ferox,Mammalia,Carnivora,Eupleridae,Cryptoprocta,GB,ZA,,,2,live,,Z,C
2012,II,Falco femoralis,Aves,Falconiformes,Falconidae,Falco,MX,PE,,1,,live,,Z,C
2012,II,Falco femoralis,Aves,Falconiformes,Falconidae,Falco,MX,PE,,3,,live,,Z,F
2012,II,Caulastraea spp.,Anthozoa,Scleractinia,Faviidae,Caulastraea,AE,FJ,XX,10,,raw corals,,Z,W
2012,II,Caracal caracal,Mammalia,Carnivora,Felidae,Caracal,BY,RU,,,1,live,,Z,C
2012,II,Caracal caracal,Mammalia,Carnivora,Felidae,Caracal,CN,ZA,,7,5,live,,Z,C
2012,II,Caracal caracal,Mammalia,Carnivora,Felidae,Caracal,CU,NA,,4,16,live,,Z,W
2012,II,Caracal caracal,Mammalia,Carnivora,Felidae,Caracal,CZ,ZA,,,6,live,,Z,C
2012,II,Caracal caracal,Mammalia,Carnivora,Felidae,Caracal,MX,ZA,,,7,live,,Z,C
2012,II,Caracal caracal,Mammalia,Carnivora,Felidae,Caracal,MY,ZA,,4,4,live,,Z,C
2012,II,Caracal caracal,Mammalia,Carnivora,Felidae,Caracal,RU,PL,,,1,live,,Z,F
2012,II,Caracal caracal,Mammalia,Carnivora,Felidae,Caracal,US,ZA,,2,,live,,Z,C
2012,II,Caracal caracal,Mammalia,Carnivora,Felidae,Caracal,US,ZA,,,4,live,,Z,W
2012,II,Caracal caracal,Mammalia,Carnivora,Felidae,Caracal,ZA,NA,,2,2,live,,Z,W
2012,II,Felis manul,Mammalia,Carnivora,Felidae,Felis,LV,RU,,,1,live,,Z,C
2012,II,Felis margarita,Mammalia,Carnivora,Felidae,Felis,DK,RU,,1,1,live,,Z,C
2012,II,Leptailurus serval,Mammalia,Carnivora,Felidae,Leptailurus,AE,ZA,,,3,live,,Z,W
2012,II,Leptailurus serval,Mammalia,Carnivora,Felidae,Leptailurus,AU,NZ,,,1,live,,Z,C
2012,II,Leptailurus serval,Mammalia,Carnivora,Felidae,Leptailurus,AU,ZA,,,2,live,,Z,C
2012,II,Leptailurus serval,Mammalia,Carnivora,Felidae,Leptailurus,ID,DE,,,1,live,,Z,C
2012,II,Leptailurus serval,Mammalia,Carnivora,Felidae,Leptailurus,KR,SD,,4,,live,,Z,W
2012,II,Leptailurus serval,Mammalia,Carnivora,Felidae,Leptailurus,KR,ZA,,2,,live,,Z,F
2012,II,Leptailurus serval,Mammalia,Carnivora,Felidae,Leptailurus,MX,ZA,,,4,live,,Z,C
2012,II,Leptailurus serval,Mammalia,Carnivora,Felidae,Leptailurus,MY,ZA,,10,7,live,,Z,C
2012,II,Leptailurus serval,Mammalia,Carnivora,Felidae,Leptailurus,RU,ZA,,,2,live,,Z,C
2012,II,Leptailurus serval,Mammalia,Carnivora,Felidae,Leptailurus,SA,ZA,,,6,live,,Z,C
2012,II,Leptailurus serval,Mammalia,Carnivora,Felidae,Leptailurus,SG,ZA,,2,2,live,,Z,C
2012,II,Leptailurus serval,Mammalia,Carnivora,Felidae,Leptailurus,SG,ZA,,1,,live,,Z,F
2012,II,Leptailurus serval,Mammalia,Carnivora,Felidae,Leptailurus,US,ZA,,,3,live,,Z,W
2012,II,Lynx canadensis,Mammalia,Carnivora,Felidae,Lynx,AE,US,,,2,live,,Z,C
2012,II,Lynx canadensis,Mammalia,Carnivora,Felidae,Lynx,US,CA,,4,4,live,,Z,F
2012,II,Lynx lynx,Mammalia,Carnivora,Felidae,Lynx,BY,RU,,,1,live,,Z,C
2012,II,Lynx lynx,Mammalia,Carnivora,Felidae,Lynx,CH,PL,,2,2,live,,Z,C
2012,II,Lynx lynx,Mammalia,Carnivora,Felidae,Lynx,DE,CH,,,1,live,,Z,C
2012,II,Lynx lynx,Mammalia,Carnivora,Felidae,Lynx,UZ,RU,UZ,1,,live,,Z,C
2012,II,Lynx lynx,Mammalia,Carnivora,Felidae,Lynx,ZA,BG,DE,,4,live,,Z,C
2012,II,Panthera leo,Mammalia,Carnivora,Felidae,Panthera,AE,ZA,,,6,live,,Z,C
2012,II,Panthera leo,Mammalia,Carnivora,Felidae,Panthera,AU,NZ,ZA,,1,live,,Z,C
2012,II,Panthera leo,Mammalia,Carnivora,Felidae,Panthera,BD,ZA,,,2,live,,Z,C
2012,II,Panthera leo,Mammalia,Carnivora,Felidae,Panthera,BE,IL,,1,1,live,,Z,C
2012,II,Panthera leo,Mammalia,Carnivora,Felidae,Panthera,BE,ZA,,1,2,live,,Z,C
2012,II,Panthera leo,Mammalia,Carnivora,Felidae,Panthera,CA,US,,,2,live,,Z,C
2012,II,Panthera leo,Mammalia,Carnivora,Felidae,Panthera,CA,ZA,,,6,live,,Z,C
2012,II,Panthera leo,Mammalia,Carnivora,Felidae,Panthera,CH,CZ,,1,1,live,,Z,C
2012,II,Panthera leo,Mammalia,Carnivora,Felidae,Panthera,CH,ZA,,,20,live,,Z,C
2012,II,Panthera leo,Mammalia,Carnivora,Felidae,Panthera,CL,ZA,,1,,live,,Z,C
2012,II,Panthera leo,Mammalia,Carnivora,Felidae,Panthera,CN,ZA,,12,,live,,Z,C
2012,II,Panthera leo,Mammalia,Carnivora,Felidae,Panthera,CU,NA,,4,16,live,,Z,W
2012,II,Panthera leo,Mammalia,Carnivora,Felidae,Panthera,DE,CH,,1,,live,,Z,C
2012,II,Panthera leo,Mammalia,Carnivora,Felidae,Panthera,DZ,RS,,1,1,live,,Z,C
2012,II,Panthera leo,Mammalia,Carnivora,Felidae,Panthera,ES,ZA,,2,10,live,,Z,C
2012,II,Panthera leo,Mammalia,Carnivora,Felidae,Panthera,FR,ZA,,1,5,live,,Z,C
2012,II,Panthera leo,Mammalia,Carnivora,Felidae,Panthera,GB,ZA,,2,,live,,Z,C
2012,II,Panthera leo,Mammalia,Carnivora,Felidae,Panthera,GY,ZA,,,4,live,,Z,C
2012,II,Panthera leo,Mammalia,Carnivora,Felidae,Panthera,HR,RS,,2,2,live,,Z,C
2012,II,Panthera leo,Mammalia,Carnivora,Felidae,Panthera,HU,RS,,2,2,live,,Z,C
2012,II,Panthera leo,Mammalia,Carnivora,Felidae,Panthera,ID,CA,,,2,live,,Z,F
2012,II,Panthera leo,Mammalia,Carnivora,Felidae,Panthera,IT,ZA,,,3,live,,Z,C
2012,II,Panthera leo,Mammalia,Carnivora,Felidae,Panthera,KR,ZA,,3,,live,,Z,F
2012,II,Panthera leo,Mammalia,Carnivora,Felidae,Panthera,LB,SY,,,7,live,,Z,C
2012,II,Panthera leo,Mammalia,Carnivora,Felidae,Panthera,MK,RS,IT,2,,live,,Z,C
2012,II,Panthera leo,Mammalia,Carnivora,Felidae,Panthera,MK,RS,,,2,live,,Z,C
2012,II,Panthera leo,Mammalia,Carnivora,Felidae,Panthera,ML,FR,,2,2,live,,Z,C
2012,II,Panthera leo,Mammalia,Carnivora,Felidae,Panthera,MU,ZA,,,4,live,,Z,C
2012,II,Panthera leo,Mammalia,Carnivora,Felidae,Panthera,MX,CU,,,17,live,,Z,C
2012,II,Panthera leo,Mammalia,Carnivora,Felidae,Panthera,NI,DE,,,1,live,,Z,C
2012,II,Panthera leo,Mammalia,Carnivora,Felidae,Panthera,NL,EG,,,1,live,,Z,C
2012,II,Panthera leo,Mammalia,Carnivora,Felidae,Panthera,NP,ZA,,,3,live,,Z,C
2012,II,Panthera leo,Mammalia,Carnivora,Felidae,Panthera,PH,AE,ZA,,4,live,,Z,C
2012,II,Panthera leo,Mammalia,Carnivora,Felidae,Panthera,SA,ZA,,,4,live,,Z,C
2012,II,Panthera leo,Mammalia,Carnivora,Felidae,Panthera,SG,CN,,2,2,live,,Z,C
2012,II,Panthera leo,Mammalia,Carnivora,Felidae,Panthera,TH,ZA,,,39,live,,Z,C
2012,II,Panthera leo,Mammalia,Carnivora,Felidae,Panthera,TH,ZA,,,4,live,,Z,W
2012,II,Panthera leo,Mammalia,Carnivora,Felidae,Panthera,TH,ZA,,,3,trophies,,Z,C
2012,II,Panthera leo,Mammalia,Carnivora,Felidae,Panthera,TM,QA,,,9,live,,Z,C
2012,II,Panthera leo,Mammalia,Carnivora,Felidae,Panthera,TT,US,,3,,live,,Z,C
2012,II,Panthera leo,Mammalia,Carnivora,Felidae,Panthera,US,CA,,1,,live,,Z,C
2012,II,Panthera leo,Mammalia,Carnivora,Felidae,Panthera,US,CA,,,1,live,,Z,F
2012,II,Panthera leo,Mammalia,Carnivora,Felidae,Panthera,US,CA,,,2,specimens,,Z,F
2012,II,Panthera leo,Mammalia,Carnivora,Felidae,Panthera,US,MX,,,1,live,,Z,C
2012,II,Panthera leo,Mammalia,Carnivora,Felidae,Panthera,US,QA,SD,1,1,live,,Z,W
2012,II,Panthera leo,Mammalia,Carnivora,Felidae,Panthera,US,QA,,3,3,live,,Z,C
2012,II,Panthera leo,Mammalia,Carnivora,Felidae,Panthera,US,RU,,,1,live,,Z,U
2012,II,Panthera leo,Mammalia,Carnivora,Felidae,Panthera,US,ZA,,3,3,live,,Z,C
2012,II,Panthera leo,Mammalia,Carnivora,Felidae,Panthera,US,ZA,,,1,trophies,,Z,C
2012,II,Panthera leo,Mammalia,Carnivora,Felidae,Panthera,UZ,RU,UZ,1,,live,,Z,C
2012,II,Panthera leo,Mammalia,Carnivora,Felidae,Panthera,ZA,LB,XX,2,,live,,Z,C
2012,II,Panthera leo,Mammalia,Carnivora,Felidae,Panthera,ZA,MM,,1,,live,,Z,C
2012,II,Panthera leo,Mammalia,Carnivora,Felidae,Panthera,ZA,MW,ZA,,5,live,,Z,R
2012,II,Panthera leo,Mammalia,Carnivora,Felidae,Panthera,ZA,RO,,10,4,live,,Z,C
2012,II,Panthera leo,Mammalia,Carnivora,Felidae,Panthera,ZA,SO,,2,2,live,,Z,C
2012,II,Prionailurus bengalensis,Mammalia,Carnivora,Felidae,Prionailurus,SG,MY,,2,2,live,,Z,C
2012,II,Prionailurus rubiginosus,Mammalia,Carnivora,Felidae,Prionailurus,GB,LK,,2,1,live,,Z,C
2012,II,Prionailurus viverrinus,Mammalia,Carnivora,Felidae,Prionailurus,DE,RU,,,1,live,,Z,C
2012,II,Prionailurus viverrinus,Mammalia,Carnivora,Felidae,Prionailurus,JP,LK,,1,1,live,,Z,C
2012,II,Prionailurus viverrinus,Mammalia,Carnivora,Felidae,Prionailurus,SG,GB,,2,1,live,,Z,C
2012,II,Puma concolor,Mammalia,Carnivora,Felidae,Puma,CN,CZ,,5,,live,,Z,C
2012,II,Puma concolor,Mammalia,Carnivora,Felidae,Puma,CN,DE,,1,,live,,Z,C
2012,II,Puma concolor,Mammalia,Carnivora,Felidae,Puma,GA,ZA,,,2,live,,Z,C
2012,II,Puma yagouaroundi,Mammalia,Carnivora,Felidae,Puma,UA,RU,,1,,live,,Z,C
2012,II,Puma yagouaroundi,Mammalia,Carnivora,Felidae,Puma,US,RU,,1,,live,,Z,C
2012,II,Batagur borneoensis,Reptilia,Testudines,Geoemydidae,Batagur,AT,SG,XX,1,,live,,Z,U
2012,II,Batagur borneoensis,Reptilia,Testudines,Geoemydidae,Batagur,US,CA,US,1,1,specimens,ml,Z,F
2012,II,Batagur borneoensis,Reptilia,Testudines,Geoemydidae,Batagur,US,CA,,3,3,specimens,ml,Z,F
2012,II,Batagur kachuga,Reptilia,Testudines,Geoemydidae,Batagur,AT,SG,XX,,1,live,,Z,U
2012,II,Heosemys grandis,Reptilia,Testudines,Geoemydidae,Heosemys,HR,AT,,8,,live,,Z,C
2012,II,Anthropoides paradiseus,Aves,Gruiformes,Gruidae,Anthropoides,CN,NL,,40,,live,,Z,C
2012,II,Balearica pavonina,Aves,Gruiformes,Gruidae,Balearica,CN,ML,,20,55,live,,Z,W
2012,II,Balearica pavonina,Aves,Gruiformes,Gruidae,Balearica,CN,NL,,30,8,live,,Z,C
2012,II,Balearica pavonina,Aves,Gruiformes,Gruidae,Balearica,DE,CH,,3,,live,,Z,C
2012,II,Balearica pavonina,Aves,Gruiformes,Gruidae,Balearica,KR,NL,,4,,live,,Z,C
2012,II,Balearica regulorum,Aves,Gruiformes,Gruidae,Balearica,CN,NL,,,90,live,,Z,C
2012,II,Balearica regulorum,Aves,Gruiformes,Gruidae,Balearica,KR,NL,,2,,live,,Z,C
2012,II,Grus antigone,Aves,Gruiformes,Gruidae,Grus,CN,NL,,18,,live,,Z,C
2012,II,Grus canadensis,Aves,Gruiformes,Gruidae,Grus,ID,NL,DE,,1,live,,Z,C
2012,II,Grus canadensis,Aves,Gruiformes,Gruidae,Grus,ID,NL,,,3,live,,Z,C
2012,II,Grus canadensis,Aves,Gruiformes,Gruidae,Grus,ZA,NL,,1,1,live,,Z,C
2012,II,Grus grus,Aves,Gruiformes,Gruidae,Grus,ZA,NL,BE,,1,live,,Z,C
2012,II,Grus grus,Aves,Gruiformes,Gruidae,Grus,ZA,NL,,1,,live,,Z,C
2012,II,Hexaprotodon liberiensis,Mammalia,Artiodactyla,Hippopotamidae,Hexaprotodon,ID,FR,GB,,1,live,,Z,C
2012,II,Hexaprotodon liberiensis,Mammalia,Artiodactyla,Hippopotamidae,Hexaprotodon,JP,NL,,1,1,live,,Z,C
2012,II,Hippopotamus amphibius,Mammalia,Artiodactyla,Hippopotamidae,Hippopotamus,FR,CH,,1,1,live,,Z,C
2012,II,Hippopotamus amphibius,Mammalia,Artiodactyla,Hippopotamidae,Hippopotamus,ID,FR,,,2,live,,Z,C
2012,II,Hippopotamus amphibius,Mammalia,Artiodactyla,Hippopotamidae,Hippopotamus,ID,SG,,,1,live,,Z,C
2012,II,Hippopotamus amphibius,Mammalia,Artiodactyla,Hippopotamidae,Hippopotamus,LK,CZ,DE,,1,live,,Z,C
2012,II,Hippopotamus amphibius,Mammalia,Artiodactyla,Hippopotamidae,Hippopotamus,LK,CZ,,2,1,live,,Z,C
2012,II,Agalychnis callidryas,Amphibia,Anura,Hylidae,Agalychnis,TR,DE,,25,,live,,Z,C
2012,II,Iguana iguana,Reptilia,Sauria,Iguanidae,Iguana,ZA,GY,,4,,live,,Z,W
2012,II,Cheilinus undulatus,Actinopteri,Perciformes,Labridae,Cheilinus,SA,NL,AU,,1,live,,Z,W
2012,II,Cheilinus undulatus,Actinopteri,Perciformes,Labridae,Cheilinus,TR,NL,AU,1,1,live,,Z,W
2012,II,Charmosyna papou,Aves,Psittaciformes,Loriidae,Charmosyna,CL,US,,3,3,live,,Z,F
2012,II,Trichoglossus haematodus,Aves,Psittaciformes,Loriidae,Trichoglossus,CN,NL,,30,,live,,Z,C
2012,II,Hydnophora rigida,Anthozoa,Scleractinia,Merulinidae,Hydnophora,AE,FJ,XX,10,,raw corals,,Z,W
2012,II,Merulina ampliata,Anthozoa,Scleractinia,Merulinidae,Merulina,AE,FJ,XX,10,,raw corals,,Z,W
2012,II,Delphinapterus leucas,Mammalia,Cetacea,Monodontidae,Delphinapterus,CN,RU,,17,,live,,Z,W
2012,II,Leiothrix lutea,Aves,Passeriformes,Muscicapidae,Leiothrix,BE,XX,,6,,live,,Z,C
2012,II,Tauraco erythrolophus,Aves,Cuculiformes,Musophagidae,Tauraco,NO,DE,,1,1,live,,Z,C
2012,II,Tauraco erythrolophus,Aves,Cuculiformes,Musophagidae,Tauraco,NO,DK,,1,1,live,,Z,C
2012,II,Tauraco leucotis,Aves,Cuculiformes,Musophagidae,Tauraco,SG,GR,,,2,live,,Z,C
2012,II,Lobophyllia spp.,Anthozoa,Scleractinia,Mussidae,Lobophyllia,AE,FJ,XX,20,,raw corals,,Z,W
2012,II,Aonyx cinerea,Mammalia,Carnivora,Mustelidae,Aonyx,AR,ES,,4,4,live,,Z,C
2012,II,Aonyx cinerea,Mammalia,Carnivora,Mustelidae,Aonyx,CN,BG,CZ,3,,live,,Z,C
2012,II,Aonyx cinerea,Mammalia,Carnivora,Mustelidae,Aonyx,CN,BG,DE,7,,live,,Z,C
2012,II,Aonyx cinerea,Mammalia,Carnivora,Mustelidae,Aonyx,CN,BG,XV,,10,live,,Z,C
2012,II,Aonyx cinerea,Mammalia,Carnivora,Mustelidae,Aonyx,CN,CZ,,4,,live,,Z,C
2012,II,Aonyx cinerea,Mammalia,Carnivora,Mustelidae,Aonyx,JP,LK,,1,1,live,,Z,C
2012,II,Aonyx cinerea,Mammalia,Carnivora,Mustelidae,Aonyx,KR,ES,,6,,live,,Z,C
2012,II,Aonyx cinerea,Mammalia,Carnivora,Mustelidae,Aonyx,KR,JP,,2,,live,,Z,F
2012,II,Aonyx cinerea,Mammalia,Carnivora,Mustelidae,Aonyx,TW,JP,DE,,3,live,,Z,C
2012,II,Aonyx cinerea,Mammalia,Carnivora,Mustelidae,Aonyx,TW,JP,,,1,live,,Z,F
2012,II,Lutra lutra,Mammalia,Carnivora,Mustelidae,Lutra,UZ,RU,,3,,live,,Z,C
2012,II,Lutrogale perspicillata,Mammalia,Carnivora,Mustelidae,Lutrogale,GB,VN,,,1,live,,Z,C
2012,II,Myrmecophaga tridactyla,Mammalia,Pilosa,Myrmecophagidae,Myrmecophaga,CN,GY,,2,,live,,Z,C
2012,II,Myrmecophaga tridactyla,Mammalia,Pilosa,Myrmecophagidae,Myrmecophaga,CN,GY,,5,,live,,Z,W
2012,II,Myrmecophaga tridactyla,Mammalia,Pilosa,Myrmecophagidae,Myrmecophaga,CN,SG,,,1,live,,Z,C
2012,II,Myrmecophaga tridactyla,Mammalia,Pilosa,Myrmecophagidae,Myrmecophaga,FR,SG,,1,2,live,,Z,C
2012,II,Myrmecophaga tridactyla,Mammalia,Pilosa,Myrmecophagidae,Myrmecophaga,FR,SG,,1,,live,,Z,F
2012,II,Myrmecophaga tridactyla,Mammalia,Pilosa,Myrmecophagidae,Myrmecophaga,KR,GY,,1,,live,,Z,C
2012,II,Myrmecophaga tridactyla,Mammalia,Pilosa,Myrmecophagidae,Myrmecophaga,KR,SR,,1,,live,,Z,W
2012,II,Myrmecophaga tridactyla,Mammalia,Pilosa,Myrmecophagidae,Myrmecophaga,US,GY,,2,,live,,Z,C
2012,II,Myrmecophaga tridactyla,Mammalia,Pilosa,Myrmecophagidae,Myrmecophaga,US,PY,,2,,live,,Z,I
2012,II,Neoceratodus forsteri,Dipneusti,Ceratodontiformes,Neoceratodontidae,Neoceratodus,GB,AU,,10,,live,,Z,F
2012,II,Neoceratodus forsteri,Dipneusti,Ceratodontiformes,Neoceratodontidae,Neoceratodus,KR,AU,,6,,live,,Z,F
2012,II,Neoceratodus forsteri,Dipneusti,Ceratodontiformes,Neoceratodontidae,Neoceratodus,SG,AU,,2,,live,,Z,F
2012,II,Nepenthes rafflesiana,,Nepenthales,Nepenthaceae,Nepenthes,KR,BN,,5,,live,,Z,W
2012,II,Phalaenopsis hybrid,,Orchidales,Orchidaceae,Phalaenopsis,DO,US,,4100,,live,,Z,C
2012,II,Arctocephalus australis,Mammalia,Carnivora,Otariidae,Arctocephalus,AR,UY,,3,,live,,Z,W
2012,II,Arctocephalus australis,Mammalia,Carnivora,Otariidae,Arctocephalus,CN,UY,,8,,live,,Z,W
2012,II,Arctocephalus australis,Mammalia,Carnivora,Otariidae,Arctocephalus,TH,UY,,6,,live,,Z,W
2012,II,Arctocephalus pusillus,Mammalia,Carnivora,Otariidae,Arctocephalus,AE,FR,XX,2,,live,,Z,W
2012,II,Arctocephalus pusillus,Mammalia,Carnivora,Otariidae,Arctocephalus,AE,FR,ZA,,2,live,,Z,W
2012,II,Arctocephalus pusillus,Mammalia,Carnivora,Otariidae,Arctocephalus,AE,FR,,3,3,live,,Z,F
2012,II,Ornithoptera priamus,Insecta,Lepidoptera,Papilionidae,Ornithoptera,SG,AU,,100,,live,,Z,C
2012,II,Ornithoptera priamus,Insecta,Lepidoptera,Papilionidae,Ornithoptera,US,AU,,377,,live,,Z,C
2012,II,Paradisaea minor,Aves,Passeriformes,Paradisaeidae,Paradisaea,CL,US,,1,1,live,,Z,F
2012,II,Paradisaea minor,Aves,Passeriformes,Paradisaeidae,Paradisaea,QA,US,,2,1,live,,Z,F
2012,II,Paradisaea minor,Aves,Passeriformes,Paradisaeidae,Paradisaea,SG,US,,1,,live,,Z,C
2012,II,Paradisaea minor,Aves,Passeriformes,Paradisaeidae,Paradisaea,SG,US,,,1,live,,Z,F
2012,II,Paradisaea raggiana,Aves,Passeriformes,Paradisaeidae,Paradisaea,DE,US,,,4,live,,Z,F
2012,II,Paradisaea rubra,Aves,Passeriformes,Paradisaeidae,Paradisaea,QA,US,,2,1,live,,Z,F
2012,II,Pectinia spp.,Anthozoa,Scleractinia,Pectiniidae,Pectinia,AE,FJ,XX,20,,raw corals,,Z,W
2012,II,Argusianus argus,Aves,Galliformes,Phasianidae,Argusianus,KR,BN,,1,,specimens,ml,Z,W
2012,II,Argusianus argus,Aves,Galliformes,Phasianidae,Argusianus,SG,US,,2,2,live,,Z,C
2012,II,Pavo muticus,Aves,Galliformes,Phasianidae,Pavo,SG,ID,,4,,live,,Z,C
2012,II,Pavo muticus,Aves,Galliformes,Phasianidae,Pavo,VE,CU,,,5,live,,Z,C
2012,II,Polyplectron malacense,Aves,Galliformes,Phasianidae,Polyplectron,SG,MY,,1,1,live,,Z,C
2012,II,Phoeniconaias minor,Aves,Ciconiiformes,Phoenicopteridae,Phoeniconaias,KR,NL,,10,,live,,Z,C
2012,II,Phoenicopterus chilensis,Aves,Ciconiiformes,Phoenicopteridae,Phoenicopterus,KR,NL,,15,,live,,Z,C
2012,II,Phoenicopterus chilensis,Aves,Ciconiiformes,Phoenicopteridae,Phoenicopterus,MX,AR,,30,,live,,Z,C
2012,II,Phoenicopterus ruber,Aves,Ciconiiformes,Phoenicopteridae,Phoenicopterus,AR,CU,,32,,live,,Z,R
2012,II,Phoenicopterus ruber,Aves,Ciconiiformes,Phoenicopteridae,Phoenicopterus,CN,CU,,280,,live,,Z,R
2012,II,Phoenicopterus ruber,Aves,Ciconiiformes,Phoenicopteridae,Phoenicopterus,DE,CH,,,11,live,,Z,C
2012,II,Phoenicopterus ruber,Aves,Ciconiiformes,Phoenicopteridae,Phoenicopterus,GB,CH,,5,,live,,Z,C
2012,II,Phoenicopterus ruber,Aves,Ciconiiformes,Phoenicopteridae,Phoenicopterus,IT,CH,,20,,live,,Z,C
2012,II,Phoenicopterus ruber,Aves,Ciconiiformes,Phoenicopteridae,Phoenicopterus,KR,NL,DE,16,,live,,Z,C
2012,II,Phoenicopterus ruber,Aves,Ciconiiformes,Phoenicopteridae,Phoenicopterus,KR,NL,GB,2,,live,,Z,C
2012,II,Phoenicopterus ruber,Aves,Ciconiiformes,Phoenicopteridae,Phoenicopterus,KR,NL,IT,3,,live,,Z,C
2012,II,Phoenicopterus ruber,Aves,Ciconiiformes,Phoenicopteridae,Phoenicopterus,KR,NL,TZ,4,,live,,Z,C
2012,II,Phoenicopterus ruber,Aves,Ciconiiformes,Phoenicopteridae,Phoenicopterus,PH,SG,,,16,live,,Z,C
2012,II,Phoenicopterus ruber,Aves,Ciconiiformes,Phoenicopteridae,Phoenicopterus,TT,US,,11,,live,,Z,C
2012,II,Callicebus cupreus,Mammalia,Primates,Pitheciidae,Callicebus,GB,CH,,1,1,live,,Z,C
2012,II,Chiropotes chiropotes,Mammalia,Primates,Pitheciidae,Chiropotes,GB,ZA,,,2,live,,Z,C
2012,II,Chiropotes chiropotes,Mammalia,Primates,Pitheciidae,Chiropotes,SG,ZA,,2,,live,,Z,C
2012,II,Pithecia pithecia,Mammalia,Primates,Pitheciidae,Pithecia,FR,CH,,1,1,live,,Z,C
2012,II,Pithecia pithecia,Mammalia,Primates,Pitheciidae,Pithecia,IL,FR,,,1,live,,Z,C
2012,II,Pocillopora spp.,Anthozoa,Scleractinia,Pocilloporidae,Pocillopora,AE,FJ,XX,10,,raw corals,,Z,W
2012,II,Seriatopora hystrix,Anthozoa,Scleractinia,Pocilloporidae,Seriatopora,AE,FJ,XX,10,,raw corals,,Z,W
2012,II,Podocnemis unifilis,Reptilia,Testudines,Podocnemididae,Podocnemis,HR,CZ,,5,5,live,,Z,C
2012,II,Agapornis canus,Aves,Psittaciformes,Psittacidae,Agapornis,US,CH,,,24,live,,Z,C
2012,II,Amazona aestiva,Aves,Psittaciformes,Psittacidae,Amazona,EG,SY,,,10,live,,Z,C
2012,II,Amazona albifrons,Aves,Psittaciformes,Psittacidae,Amazona,CH,FR,,1,1,live,,Z,F
2012,II,Amazona albifrons,Aves,Psittaciformes,Psittacidae,Amazona,SG,FR,,4,,live,,Z,F
2012,II,Amazona farinosa,Aves,Psittaciformes,Psittacidae,Amazona,AM,AE,NL,,12,live,,Z,C
2012,II,Amazona ochrocephala,Aves,Psittaciformes,Psittacidae,Amazona,AM,AE,NL,,7,live,,Z,C
2012,II,Amazona ochrocephala,Aves,Psittaciformes,Psittacidae,Amazona,CN,GY,,20,,live,,Z,W
2012,II,Ara ararauna,Aves,Psittaciformes,Psittacidae,Ara,BB,TT,,4,4,live,,Z,C
2012,II,Ara ararauna,Aves,Psittaciformes,Psittacidae,Ara,BY,UA,GY,,4,live,,Z,W
2012,II,Ara ararauna,Aves,Psittaciformes,Psittacidae,Ara,CN,GY,,20,,live,,Z,W
2012,II,Ara ararauna,Aves,Psittaciformes,Psittacidae,Ara,EG,SY,,,5,live,,Z,C
2012,II,Ara ararauna,Aves,Psittaciformes,Psittacidae,Ara,UA,PL,,,1,live,,Z,C
2012,II,Ara chloropterus,Aves,Psittaciformes,Psittacidae,Ara,AT,CH,,2,2,live,,Z,C
2012,II,Ara chloropterus,Aves,Psittaciformes,Psittacidae,Ara,CH,DE,,1,1,live,,Z,C
2012,II,Ara chloropterus,Aves,Psittaciformes,Psittacidae,Ara,CN,GY,,97,,live,,Z,W
2012,II,Ara chloropterus,Aves,Psittaciformes,Psittacidae,Ara,EG,SY,,,5,live,,Z,C
2012,II,Aratinga solstitialis,Aves,Psittaciformes,Psittacidae,Aratinga,DE,CH,,,4,live,,Z,C
2012,II,Aratinga solstitialis,Aves,Psittaciformes,Psittacidae,Aratinga,FR,CH,,4,4,live,,Z,C
2012,II,Aratinga solstitialis,Aves,Psittaciformes,Psittacidae,Aratinga,FR,SG,,6,6,live,,Z,C
2012,II,Aratinga solstitialis,Aves,Psittaciformes,Psittacidae,Aratinga,NL,CH,,6,6,live,,Z,C
2012,II,Deroptyus accipitrinus,Aves,Psittaciformes,Psittacidae,Deroptyus,BY,UA,GY,,2,live,,Z,W
2012,II,Deroptyus accipitrinus,Aves,Psittaciformes,Psittacidae,Deroptyus,CN,GY,,35,,live,,Z,W
2012,II,Eclectus roratus,Aves,Psittaciformes,Psittacidae,Eclectus,EG,SY,,,10,live,,Z,C
2012,II,Eclectus roratus,Aves,Psittaciformes,Psittacidae,Eclectus,TR,NL,,1,,live,,Z,F
2012,II,Eclectus roratus,Aves,Psittaciformes,Psittacidae,Eclectus,TR,PT,,1,,live,,Z,F
2012,II,Loriculus galgulus,Aves,Psittaciformes,Psittacidae,Loriculus,CH,DE,,4,4,live,,Z,C
2012,II,Pionus fuscus,Aves,Psittaciformes,Psittacidae,Pionus,CN,GY,,68,,live,,Z,W
2012,II,Pionus menstruus,Aves,Psittaciformes,Psittacidae,Pionus,CN,GY,,40,,live,,Z,W
2012,II,Platycercus eximius,Aves,Psittaciformes,Psittacidae,Platycercus,AM,AE,NL,,60,live,,Z,C
2012,II,Poicephalus robustus,Aves,Psittaciformes,Psittacidae,Poicephalus,SG,CZ,,2,2,live,,Z,C
2012,II,Polytelis alexandrae,Aves,Psittaciformes,Psittacidae,Polytelis,AM,AE,NL,,5,live,,Z,C
2012,II,Psittacus erithacus,Aves,Psittaciformes,Psittacidae,Psittacus,AM,AE,ZA,,58,live,,Z,C
2012,II,Psittacus erithacus,Aves,Psittaciformes,Psittacidae,Psittacus,EG,SY,,,50,live,,Z,C
2012,II,Pteropus livingstonii,Mammalia,Chiroptera,Pteropodidae,Pteropus,FR,CH,GB,1,1,live,,Z,F
2012,II,Pteropus livingstonii,Mammalia,Chiroptera,Pteropodidae,Pteropus,FR,CH,JE,2,,live,,Z,F
2012,II,Pteropus livingstonii,Mammalia,Chiroptera,Pteropodidae,Pteropus,FR,CH,XX,,2,live,,Z,F
2012,II,Pteropus lylei,Mammalia,Chiroptera,Pteropodidae,Pteropus,TR,IL,,,6,live,,Z,C
2012,II,Pteropus vampyrus,Mammalia,Chiroptera,Pteropodidae,Pteropus,US,CA,ID,,6,live,,Z,W
2012,II,Morelia spilota,Reptilia,Serpentes,Pythonidae,Morelia,UA,RU,,,2,live,,Z,C
2012,II,Python bivittatus,Reptilia,Serpentes,Pythonidae,Python,CN,CZ,,10,,live,,Z,C
2012,II,Python bivittatus,Reptilia,Serpentes,Pythonidae,Python,KR,IT,VN,,1,leather products (small),,Z,C
2012,II,Python bivittatus,Reptilia,Serpentes,Pythonidae,Python,KR,MY,,6,,live,,Z,C
2012,II,Python bivittatus,Reptilia,Serpentes,Pythonidae,Python,SG,MY,NL,2,,live,,Z,C
2012,II,Python regius,Reptilia,Serpentes,Pythonidae,Python,BN,US,,27,,live,,Z,C
2012,II,Python regius,Reptilia,Serpentes,Pythonidae,Python,KR,MY,,3,,live,,Z,R
2012,II,Python regius,Reptilia,Serpentes,Pythonidae,Python,TM,QA,,,2,live,,Z,C
2012,II,Python regius,Reptilia,Serpentes,Pythonidae,Python,TR,DE,TG,2,,live,,Z,R
2012,II,Python reticulatus,Reptilia,Serpentes,Pythonidae,Python,SG,MY,,20,,live,,Z,W
2012,II,Python reticulatus,Reptilia,Serpentes,Pythonidae,Python,UA,IT,VN,,3,garments,,Z,C
2012,II,Pteroglossus viridis,Aves,Piciformes,Ramphastidae,Pteroglossus,NL,US,,5,5,live,,Z,F
2012,II,Ramphastos toco,Aves,Piciformes,Ramphastidae,Ramphastos,BY,UA,GY,,3,live,,Z,W
2012,II,Ramphastos toco,Aves,Piciformes,Ramphastidae,Ramphastos,CN,GY,,8,,live,,Z,W
2012,II,Ramphastos toco,Aves,Piciformes,Ramphastidae,Ramphastos,KR,NL,,5,,live,,Z,C
2012,II,Ramphastos toco,Aves,Piciformes,Ramphastidae,Ramphastos,KR,PH,,9,,live,,Z,C
2012,II,Ramphastos tucanus,Aves,Piciformes,Ramphastidae,Ramphastos,BY,UA,GY,,2,live,,Z,W
2012,II,Ramphastos tucanus,Aves,Piciformes,Ramphastidae,Ramphastos,CA,US,,,1,live,,Z,F
2012,II,Ramphastos tucanus,Aves,Piciformes,Ramphastidae,Ramphastos,CN,GY,,8,,live,,Z,W
2012,II,Ramphastos tucanus,Aves,Piciformes,Ramphastidae,Ramphastos,ZA,PE,,1,1,live,,Z,W
2012,II,Ramphastos vitellinus,Aves,Piciformes,Ramphastidae,Ramphastos,BY,UA,GY,,2,live,,Z,W
2012,II,Ramphastos vitellinus,Aves,Piciformes,Ramphastidae,Ramphastos,CN,GY,,8,,live,,Z,W
2012,II,Ramphastos vitellinus,Aves,Piciformes,Ramphastidae,Ramphastos,US,TT,,,2,live,,Z,C
2012,II,Rhea americana,Aves,Rheiformes,Rheidae,Rhea,AM,AE,NL,,21,live,,Z,C
2012,II,Rhea americana,Aves,Rheiformes,Rheidae,Rhea,RS,CZ,,,1,live,,Z,C
2012,II,Rhea americana,Aves,Rheiformes,Rheidae,Rhea,UA,CZ,,,7,live,,Z,C
2012,II,Ceratotherium simum,Mammalia,Perissodactyla,Rhinocerotidae,Ceratotherium,BE,ZA,,3,,live,,Z,F
2012,II,Ceratotherium simum,Mammalia,Perissodactyla,Rhinocerotidae,Ceratotherium,KR,ZA,,2,,live,,Z,W
2012,II,Ceratotherium simum,Mammalia,Perissodactyla,Rhinocerotidae,Ceratotherium,VN,ZA,,7,,live,,Z,W
2012,II,Ceratotherium simum simum,Mammalia,Perissodactyla,Rhinocerotidae,Ceratotherium,BD,ZA,,2,,live,,Z,C
2012,II,Ceratotherium simum simum,Mammalia,Perissodactyla,Rhinocerotidae,Ceratotherium,BE,ZA,,2,1,live,,Z,F
2012,II,Ceratotherium simum simum,Mammalia,Perissodactyla,Rhinocerotidae,Ceratotherium,BE,ZA,,,4,live,,Z,W
2012,II,Ceratotherium simum simum,Mammalia,Perissodactyla,Rhinocerotidae,Ceratotherium,CL,ZA,,,2,live,,Z,W
2012,II,Ceratotherium simum simum,Mammalia,Perissodactyla,Rhinocerotidae,Ceratotherium,FR,ZA,,1,1,live,,Z,W
2012,II,Ceratotherium simum simum,Mammalia,Perissodactyla,Rhinocerotidae,Ceratotherium,IL,ZA,,,1,specimens,,Z,F
2012,II,Ceratotherium simum simum,Mammalia,Perissodactyla,Rhinocerotidae,Ceratotherium,NA,ZA,,,2,live,,Z,W
2012,II,Ceratotherium simum simum,Mammalia,Perissodactyla,Rhinocerotidae,Ceratotherium,VN,ZA,,,10,live,,Z,W
2012,II,Ratufa macroura,Mammalia,Rodentia,Sciuridae,Ratufa,GB,LK,,1,1,live,,Z,C
2012,II,Pandinus imperator,Arachnida,Scorpiones,Scorpionidae,Pandinus,TR,DE,TG,5,,live,,Z,C
2012,II,Pandinus imperator,Arachnida,Scorpiones,Scorpionidae,Pandinus,TR,US,GH,12,,live,,Z,W
2012,II,Spheniscus demersus,Aves,Sphenisciformes,Spheniscidae,Spheniscus,CA,US,,,6,live,,Z,F
2012,II,Spheniscus demersus,Aves,Sphenisciformes,Spheniscidae,Spheniscus,CH,DE,,8,8,live,,Z,C
2012,II,Spheniscus demersus,Aves,Sphenisciformes,Spheniscidae,Spheniscus,TR,IL,,10,10,live,,Z,C
2012,II,Spheniscus demersus,Aves,Sphenisciformes,Spheniscidae,Spheniscus,US,CA,US,1,,live,,Z,F
2012,II,Athene noctua,Aves,Strigiformes,Strigidae,Athene,CH,DE,,1,1,live,,Z,C
2012,II,Bubo bubo,Aves,Strigiformes,Strigidae,Bubo,MD,UA,,,2,live,,Z,C
2012,II,Bubo bubo,Aves,Strigiformes,Strigidae,Bubo,US,CA,,,1,live,,Z,F
2012,II,Nyctea scandiaca,Aves,Strigiformes,Strigidae,Nyctea,BY,RU,,,1,live,,Z,C
2012,II,Nyctea scandiaca,Aves,Strigiformes,Strigidae,Nyctea,US,DE,NL,,1,live,,Z,F
2012,II,Nyctea scandiaca,Aves,Strigiformes,Strigidae,Nyctea,US,DE,,3,3,live,,Z,C
2012,II,Nyctea scandiaca,Aves,Strigiformes,Strigidae,Nyctea,US,DE,,1,,live,,Z,F
2012,II,Nyctea scandiaca,Aves,Strigiformes,Strigidae,Nyctea,US,NL,,1,1,live,,Z,C
2012,II,Pulsatrix perspicillata,Aves,Strigiformes,Strigidae,Pulsatrix,MX,PE,,1,,live,,Z,F
2012,II,Strix nebulosa,Aves,Strigiformes,Strigidae,Strix,CH,BE,,1,1,live,,Z,C
2012,II,Strix nebulosa,Aves,Strigiformes,Strigidae,Strix,US,CA,,,1,live,,Z,F
2012,II,Surnia ulula,Aves,Strigiformes,Strigidae,Surnia,LV,CH,,2,2,live,,Z,C
2012,II,Hippocampus abdominalis,Actinopteri,Syngnathiformes,Syngnathidae,Hippocampus,US,AU,,15,,live,,Z,C
2012,II,Hippocampus barbouri,Actinopteri,Syngnathiformes,Syngnathidae,Hippocampus,US,AU,,23,,live,,Z,C
2012,II,Hippocampus guttulatus,Actinopteri,Syngnathiformes,Syngnathidae,Hippocampus,MC,FR,,30,30,live,,Z,F
2012,II,Hippocampus hippocampus,Actinopteri,Syngnathiformes,Syngnathidae,Hippocampus,CH,GB,,20,20,live,,Z,F
2012,II,Hippocampus kuda,Actinopteri,Syngnathiformes,Syngnathidae,Hippocampus,US,AU,,8,,live,,Z,C
2012,II,Hippocampus reidi,Actinopteri,Syngnathiformes,Syngnathidae,Hippocampus,AE,LK,,100,,live,,Z,C
2012,II,Hippocampus whitei,Actinopteri,Syngnathiformes,Syngnathidae,Hippocampus,US,AU,,26,,live,,Z,C
2012,II,Tapirus terrestris,Mammalia,Perissodactyla,Tapiridae,Tapirus,ID,NL,,,1,live,,Z,C
2012,II,Tapirus terrestris,Mammalia,Perissodactyla,Tapiridae,Tapirus,KR,AR,,2,,live,,Z,C
2012,II,Tapirus terrestris,Mammalia,Perissodactyla,Tapiridae,Tapirus,KR,JP,,1,,live,,Z,F
2012,II,Tapirus terrestris,Mammalia,Perissodactyla,Tapiridae,Tapirus,MX,US,,2,,live,,Z,F
2012,II,Tarsius bancanus,Mammalia,Primates,Tarsiidae,Tarsius,KR,BN,,1,,specimens,ml,Z,W
2012,II,Tarsius tarsier,Mammalia,Primates,Tarsiidae,Tarsius,GB,ID,,4,,live,,Z,C
2012,II,Tarsius tarsier,Mammalia,Primates,Tarsiidae,Tarsius,SG,ID,,3,,live,,Z,C
2012,II,Pecari tajacu,Mammalia,Artiodactyla,Tayassuidae,Pecari,SG,IL,,10,,live,,Z,C
2012,II,Pecari tajacu,Mammalia,Artiodactyla,Tayassuidae,Pecari,UZ,RU,,1,1,live,,Z,C
2012,II,Salvator rufescens,Reptilia,Sauria,Teiidae,Salvator,AE,US,,2,,live,,Z,C
2012,II,Aldabrachelys gigantea,Reptilia,Testudines,Testudinidae,Aldabrachelys,CN,MU,,6,,live,,Z,C
2012,II,Aldabrachelys gigantea,Reptilia,Testudines,Testudinidae,Aldabrachelys,CN,MU,,2,,live,,Z,W
2012,II,Aldabrachelys gigantea,Reptilia,Testudines,Testudinidae,Aldabrachelys,CN,SC,,2,,live,,Z,C
2012,II,Manouria emys,Reptilia,Testudines,Testudinidae,Manouria,US,SG,XX,,6,live,,Z,U
2012,II,Stigmochelys pardalis,Reptilia,Testudines,Testudinidae,Stigmochelys,IT,ZA,,,15,live,,Z,C
2012,II,Brachypelma albopilosum,Arachnida,Araneae,Theraphosidae,Brachypelma,CL,CA,,,4,live,,Z,F
2012,II,Brachypelma boehmei,Arachnida,Araneae,Theraphosidae,Brachypelma,TR,DE,,3,,live,,Z,C
2012,II,Brachypelma smithi,Arachnida,Araneae,Theraphosidae,Brachypelma,NL,CH,XX,2,6,live,,Z,I
2012,II,Brachypelma smithi,Arachnida,Araneae,Theraphosidae,Brachypelma,TR,DE,,3,,live,,Z,C
2012,II,Eudocimus ruber,Aves,Ciconiiformes,Threskiornithidae,Eudocimus,BB,TT,,3,3,live,,Z,C
2012,II,Eudocimus ruber,Aves,Ciconiiformes,Threskiornithidae,Eudocimus,CH,NL,,,6,live,,Z,C
2012,II,Eudocimus ruber,Aves,Ciconiiformes,Threskiornithidae,Eudocimus,CL,FR,,,20,live,,Z,C
2012,II,Eudocimus ruber,Aves,Ciconiiformes,Threskiornithidae,Eudocimus,CN,NL,,70,,live,,Z,C
2012,II,Eudocimus ruber,Aves,Ciconiiformes,Threskiornithidae,Eudocimus,RU,CZ,,,6,live,,Z,C
2012,II,Eudocimus ruber,Aves,Ciconiiformes,Threskiornithidae,Eudocimus,VN,ZA,,8,8,live,,Z,C
2012,II,Trichechus senegalensis,Mammalia,Sirenia,Trichechidae,Trichechus,CN,GN,,4,,live,,Z,W
2012,II,Trichechus senegalensis,Mammalia,Sirenia,Trichechidae,Trichechus,JP,GN,,1,,live,,Z,W
2012,II,Chlorostilbon notatus,Aves,Apodiformes,Trochilidae,Chlorostilbon,US,TT,,5,,live,,Z,I
2012,II,Chlorostilbon notatus,Aves,Apodiformes,Trochilidae,Chlorostilbon,US,TT,,5,8,live,,Z,W
2012,II,Florisuga mellivora,Aves,Apodiformes,Trochilidae,Florisuga,US,TT,,7,,live,,Z,I
2012,II,Florisuga mellivora,Aves,Apodiformes,Trochilidae,Florisuga,US,TT,,7,8,live,,Z,W
2012,II,Ursus arctos,Mammalia,Carnivora,Ursidae,Ursus,SE,US,,1,1,live,,Z,W
2012,II,Ursus maritimus,Mammalia,Carnivora,Ursidae,Ursus,CN,TH,,3,2,live,,Z,C
2012,II,Ursus maritimus,Mammalia,Carnivora,Ursidae,Ursus,JP,IT,,1,,live,,Z,C
2012,II,Varanus dumerilii,Reptilia,Sauria,Varanidae,Varanus,BY,RU,,,2,live,,Z,C
2012,II,Varanus melinus,Reptilia,Sauria,Varanidae,Varanus,CH,DE,,2,2,live,,Z,C
2012,II,Varanus melinus,Reptilia,Sauria,Varanidae,Varanus,DE,CH,XX,1,1,live,,Z,I
2012,II,Hemigalus derbyanus,Mammalia,Carnivora,Viverridae,Hemigalus,GB,ID,,3,,live,,Z,F
2012,II,Scleractinia spp.,Anthozoa,Scleractinia,,,AE,FJ,XX,110,,raw corals,,Z,W
2012,III,Sarcoramphus papa,Aves,Falconiformes,Cathartidae,Sarcoramphus,AT,BR,,,1,live,,Z,C
2012,III,Nesoenas mayeri,Aves,Columbiformes,Columbidae,Nesoenas,JE,CZ,,,4,live,,Z,C
2012,III,Dasyprocta punctata,Mammalia,Rodentia,Dasyproctidae,Dasyprocta,US,MX,,,2,live,,Z,C
2012,III,Eira barbara,Mammalia,Carnivora,Mustelidae,Eira,US,TT,,,2,live,,Z,C
2012,III,Mellivora capensis,Mammalia,Carnivora,Mustelidae,Mellivora,CU,NA,,,5,live,,Z,W
2012,III,Mellivora capensis,Mammalia,Carnivora,Mustelidae,Mellivora,DE,US,ZA,1,,live,,Z,W
2012,III,Mellivora capensis,Mammalia,Carnivora,Mustelidae,Mellivora,DE,US,,2,3,live,,Z,C
2012,III,Odobenus rosmarus,Mammalia,Carnivora,Odobenidae,Odobenus,CN,RU,,5,,live,,Z,W
2012,III,Odobenus rosmarus,Mammalia,Carnivora,Odobenidae,Odobenus,DE,RU,,1,,live,,Z,W
2012,III,Nasua narica,Mammalia,Carnivora,Procyonidae,Nasua,US,CA,,2,2,live,,Z,U
2012,III,Nasua nasua,Mammalia,Carnivora,Procyonidae,Nasua,UZ,RU,,2,,live,,Z,C
2012,III,Potos flavus,Mammalia,Carnivora,Procyonidae,Potos,FR,CH,NL,,1,live,,Z,C
2012,III,Baillonius bailloni,Aves,Piciformes,Ramphastidae,Baillonius,DE,US,,,4,live,,Z,F
2012,III,Crotalus durissus unicolor,Reptilia,Serpentes,Viperidae,Crotalus,US,AW,,3,,live,,Z,I
2012,III,Crotalus durissus unicolor,Reptilia,Serpentes,Viperidae,Crotalus,US,AW,,7,,live,,Z,W
2012,III,Arctictis binturong,Mammalia,Carnivora,Viverridae,Arctictis,JP,TH,,4,4,live,,Z,C
2012,III,Arctictis binturong,Mammalia,Carnivora,Viverridae,Arctictis,RU,UZ,,,1,live,,Z,C
2012,III,Civettictis civetta,Mammalia,Carnivora,Viverridae,Civettictis,GB,ZA,,,1,live,,Z,C
2012,III,Viverricula indica,Mammalia,Carnivora,Viverridae,Viverricula,JP,LK,,2,2,live,,Z,C
